timestamp,Predicted_Reading
2025-10-09 00:00:00,50.89829028746592
2025-10-09 00:00:05,62.272170643356596
2025-10-09 00:00:10,62.33485148490135
2025-10-09 00:00:15,62.33485148490135
2025-10-09 00:00:20,62.272170643356596
2025-10-09 00:00:25,62.33485148490135
2025-10-09 00:00:30,55.14030553506506
2025-10-09 00:00:35,55.14030553506506
2025-10-09 00:00:40,50.89829028746592
2025-10-09 00:00:45,50.89829028746592
2025-10-09 00:00:50,62.139605320284474
2025-10-09 00:00:55,62.139605320284474
2025-10-09 00:01:00,60.99694628666083
2025-10-09 00:01:05,60.99694628666083
2025-10-09 00:01:10,60.99694628666083
2025-10-09 00:01:15,61.9705275786479
2025-10-09 00:01:20,61.9705275786479
2025-10-09 00:01:25,61.9705275786479
2025-10-09 00:01:30,61.90824640216858
2025-10-09 00:01:35,61.90824640216858
2025-10-09 00:01:40,61.90824640216858
2025-10-09 00:01:45,61.90824640216858
2025-10-09 00:01:50,61.90824640216858
2025-10-09 00:01:55,61.90824640216858
2025-10-09 00:02:00,61.90824640216858
2025-10-09 00:02:05,61.90824640216858
2025-10-09 00:02:10,61.90824640216858
2025-10-09 00:02:15,61.90824640216858
2025-10-09 00:02:20,61.90824640216858
2025-10-09 00:02:25,61.90824640216858
2025-10-09 00:02:30,61.90824640216858
2025-10-09 00:02:35,61.90824640216858
2025-10-09 00:02:40,61.90824640216858
2025-10-09 00:02:45,61.90824640216858
2025-10-09 00:02:50,61.9705275786479
2025-10-09 00:02:55,60.99694628666083
2025-10-09 00:03:00,62.33485148490135
2025-10-09 00:03:05,62.33485148490135
2025-10-09 00:03:10,62.33485148490135
2025-10-09 00:03:15,62.33485148490135
2025-10-09 00:03:20,62.33485148490135
2025-10-09 00:03:25,62.33485148490135
2025-10-09 00:03:30,62.33485148490135
2025-10-09 00:03:35,62.33485148490135
2025-10-09 00:03:40,64.1086988878613
2025-10-09 00:03:45,63.482574018220895
2025-10-09 00:03:50,62.33485148490135
2025-10-09 00:03:55,61.439950642654054
2025-10-09 00:04:00,63.20578500366173
2025-10-09 00:04:05,62.29021991523231
2025-10-09 00:04:10,63.20578500366173
2025-10-09 00:04:15,61.439950642654054
2025-10-09 00:04:20,64.1086988878613
2025-10-09 00:04:25,62.29021991523231
2025-10-09 00:04:30,62.29021991523231
2025-10-09 00:04:35,62.33485148490135
2025-10-09 00:04:40,62.29021991523231
2025-10-09 00:04:45,63.20578500366173
2025-10-09 00:04:50,62.020507905705145
2025-10-09 00:04:55,64.1086988878613
2025-10-09 00:05:00,62.30941015388754
2025-10-09 00:05:05,62.91979807698351
2025-10-09 00:05:10,62.91979807698351
2025-10-09 00:05:15,62.91979807698351
2025-10-09 00:05:20,62.91979807698351
2025-10-09 00:05:25,62.91979807698351
2025-10-09 00:05:30,62.91979807698351
2025-10-09 00:05:35,62.91979807698351
2025-10-09 00:05:40,62.91979807698351
2025-10-09 00:05:45,62.91979807698351
2025-10-09 00:05:50,62.91979807698351
2025-10-09 00:05:55,62.91979807698351
2025-10-09 00:06:00,62.91979807698351
2025-10-09 00:06:05,62.91979807698351
2025-10-09 00:06:10,62.91979807698351
2025-10-09 00:06:15,62.91979807698351
2025-10-09 00:06:20,62.91979807698351
2025-10-09 00:06:25,62.91979807698351
2025-10-09 00:06:30,62.91979807698351
2025-10-09 00:06:35,62.91979807698351
2025-10-09 00:06:40,62.91979807698351
2025-10-09 00:06:45,62.91979807698351
2025-10-09 00:06:50,62.91979807698351
2025-10-09 00:06:55,63.41524970733996
2025-10-09 00:07:00,63.41524970733996
2025-10-09 00:07:05,63.41524970733996
2025-10-09 00:07:10,63.41524970733996
2025-10-09 00:07:15,63.41524970733996
2025-10-09 00:07:20,63.41524970733996
2025-10-09 00:07:25,63.41524970733996
2025-10-09 00:07:30,63.41524970733996
2025-10-09 00:07:35,63.41524970733996
2025-10-09 00:07:40,63.41524970733996
2025-10-09 00:07:45,63.41524970733996
2025-10-09 00:07:50,63.41524970733996
2025-10-09 00:07:55,63.41524970733996
2025-10-09 00:08:00,64.01912902696041
2025-10-09 00:08:05,64.01912902696041
2025-10-09 00:08:10,64.01912902696041
2025-10-09 00:08:15,64.01912902696041
2025-10-09 00:08:20,64.01912902696041
2025-10-09 00:08:25,64.01912902696041
2025-10-09 00:08:30,64.01912902696041
2025-10-09 00:08:35,63.39711632654686
2025-10-09 00:08:40,63.39711632654686
2025-10-09 00:08:45,63.910261266420235
2025-10-09 00:08:50,63.910261266420235
2025-10-09 00:08:55,63.910261266420235
2025-10-09 00:09:00,63.910261266420235
2025-10-09 00:09:05,63.910261266420235
2025-10-09 00:09:10,63.910261266420235
2025-10-09 00:09:15,63.910261266420235
2025-10-09 00:09:20,63.910261266420235
2025-10-09 00:09:25,63.910261266420235
2025-10-09 00:09:30,63.910261266420235
2025-10-09 00:09:35,63.910261266420235
2025-10-09 00:09:40,63.910261266420235
2025-10-09 00:09:45,63.910261266420235
2025-10-09 00:09:50,63.910261266420235
2025-10-09 00:09:55,63.910261266420235
2025-10-09 00:10:00,63.910261266420235
2025-10-09 00:10:05,63.910261266420235
2025-10-09 00:10:10,63.910261266420235
2025-10-09 00:10:15,63.910261266420235
2025-10-09 00:10:20,63.910261266420235
2025-10-09 00:10:25,63.910261266420235
2025-10-09 00:10:30,63.910261266420235
2025-10-09 00:10:35,63.910261266420235
2025-10-09 00:10:40,63.910261266420235
2025-10-09 00:10:45,63.910261266420235
2025-10-09 00:10:50,63.910261266420235
2025-10-09 00:10:55,63.910261266420235
2025-10-09 00:11:00,63.910261266420235
2025-10-09 00:11:05,63.910261266420235
2025-10-09 00:11:10,63.910261266420235
2025-10-09 00:11:15,63.10556454241036
2025-10-09 00:11:20,63.10556454241036
2025-10-09 00:11:25,63.10556454241036
2025-10-09 00:11:30,63.10556454241036
2025-10-09 00:11:35,63.10556454241036
2025-10-09 00:11:40,63.10556454241036
2025-10-09 00:11:45,63.10556454241036
2025-10-09 00:11:50,63.10556454241036
2025-10-09 00:11:55,63.10556454241036
2025-10-09 00:12:00,63.10556454241036
2025-10-09 00:12:05,63.10556454241036
2025-10-09 00:12:10,63.10556454241036
2025-10-09 00:12:15,63.10556454241036
2025-10-09 00:12:20,63.10556454241036
2025-10-09 00:12:25,63.10556454241036
2025-10-09 00:12:30,63.10556454241036
2025-10-09 00:12:35,63.10556454241036
2025-10-09 00:12:40,63.10556454241036
2025-10-09 00:12:45,63.10556454241036
2025-10-09 00:12:50,63.10556454241036
2025-10-09 00:12:55,63.10556454241036
2025-10-09 00:13:00,63.10556454241036
2025-10-09 00:13:05,63.10556454241036
2025-10-09 00:13:10,63.10556454241036
2025-10-09 00:13:15,63.10556454241036
2025-10-09 00:13:20,63.10556454241036
2025-10-09 00:13:25,63.10556454241036
2025-10-09 00:13:30,63.10556454241036
2025-10-09 00:13:35,63.10556454241036
2025-10-09 00:13:40,63.38251873751079
2025-10-09 00:13:45,63.38251873751079
2025-10-09 00:13:50,63.38251873751079
2025-10-09 00:13:55,64.34607048772082
2025-10-09 00:14:00,62.449351767879115
2025-10-09 00:14:05,62.449351767879115
2025-10-09 00:14:10,62.449351767879115
2025-10-09 00:14:15,61.38335506998632
2025-10-09 00:14:20,61.38335506998632
2025-10-09 00:14:25,61.38335506998632
2025-10-09 00:14:30,61.38335506998632
2025-10-09 00:14:35,61.38335506998632
2025-10-09 00:14:40,61.38335506998632
2025-10-09 00:14:45,61.38335506998632
2025-10-09 00:14:50,61.38335506998632
2025-10-09 00:14:55,63.428343594305254
2025-10-09 00:15:00,63.428343594305254
2025-10-09 00:15:05,63.428343594305254
2025-10-09 00:15:10,63.428343594305254
2025-10-09 00:15:15,63.428343594305254
2025-10-09 00:15:20,63.428343594305254
2025-10-09 00:15:25,64.12858181967974
2025-10-09 00:15:30,64.12858181967974
2025-10-09 00:15:35,64.12858181967974
2025-10-09 00:15:40,64.12858181967974
2025-10-09 00:15:45,64.4520856588174
2025-10-09 00:15:50,64.4520856588174
2025-10-09 00:15:55,64.4520856588174
2025-10-09 00:16:00,64.4520856588174
2025-10-09 00:16:05,64.4520856588174
2025-10-09 00:16:10,64.4520856588174
2025-10-09 00:16:15,66.7056101349707
2025-10-09 00:16:20,51.254129681697236
2025-10-09 00:16:25,56.085542612695875
2025-10-09 00:16:30,56.085542612695875
2025-10-09 00:16:35,66.90596363457837
2025-10-09 00:16:40,59.096864816961364
2025-10-09 00:16:45,59.274615364214455
2025-10-09 00:16:50,61.01913283908125
2025-10-09 00:16:55,61.01913283908125
2025-10-09 00:17:00,61.54867249251236
2025-10-09 00:17:05,58.98011800488432
2025-10-09 00:17:10,59.853279344247845
2025-10-09 00:17:15,60.11414392699197
2025-10-09 00:17:20,59.11490536633911
2025-10-09 00:17:25,61.80214742789499
2025-10-09 00:17:30,61.80214742789499
2025-10-09 00:17:35,61.80214742789499
2025-10-09 00:17:40,61.80214742789499
2025-10-09 00:17:45,61.80214742789499
2025-10-09 00:17:50,60.33587004106511
2025-10-09 00:17:55,59.83136973002227
2025-10-09 00:18:00,59.57209427244217
2025-10-09 00:18:05,60.31143446568124
2025-10-09 00:18:10,60.31143446568124
2025-10-09 00:18:15,60.31143446568124
2025-10-09 00:18:20,62.57180956176102
2025-10-09 00:18:25,62.57180956176102
2025-10-09 00:18:30,62.57180956176102
2025-10-09 00:18:35,62.57180956176102
2025-10-09 00:18:40,62.57180956176102
2025-10-09 00:18:45,60.31143446568124
2025-10-09 00:18:50,62.57180956176102
2025-10-09 00:18:55,62.57180956176102
2025-10-09 00:19:00,60.00579584060864
2025-10-09 00:19:05,60.00579584060864
2025-10-09 00:19:10,60.00579584060864
2025-10-09 00:19:15,60.00579584060864
2025-10-09 00:19:20,60.00579584060864
2025-10-09 00:19:25,60.06051581240143
2025-10-09 00:19:30,59.20082668653141
2025-10-09 00:19:35,59.05342735886665
2025-10-09 00:19:40,58.45277328685926
2025-10-09 00:19:45,58.74438310966932
2025-10-09 00:19:50,60.94049003987511
2025-10-09 00:19:55,58.797843720235036
2025-10-09 00:20:00,58.45277328685926
2025-10-09 00:20:05,60.94049003987511
2025-10-09 00:20:10,60.94049003987511
2025-10-09 00:20:15,60.94049003987511
2025-10-09 00:20:20,60.47179565045444
2025-10-09 00:20:25,60.47179565045444
2025-10-09 00:20:30,60.47179565045444
2025-10-09 00:20:35,60.47179565045444
2025-10-09 00:20:40,60.47179565045444
2025-10-09 00:20:45,60.29252270201193
2025-10-09 00:20:50,60.47179565045444
2025-10-09 00:20:55,60.03287220928554
2025-10-09 00:21:00,59.57180907834808
2025-10-09 00:21:05,60.47179565045444
2025-10-09 00:21:10,68.4186888657619
2025-10-09 00:21:15,59.249812048644486
2025-10-09 00:21:20,69.7364460120327
2025-10-09 00:21:25,71.66755671785157
2025-10-09 00:21:30,69.62336369110274
2025-10-09 00:21:35,69.08166362575075
2025-10-09 00:21:40,69.08166362575075
2025-10-09 00:21:45,59.090288459886025
2025-10-09 00:21:50,60.980809212741796
2025-10-09 00:21:55,61.54757304432527
2025-10-09 00:22:00,61.54757304432527
2025-10-09 00:22:05,61.54757304432527
2025-10-09 00:22:10,61.54757304432527
2025-10-09 00:22:15,61.829402623663604
2025-10-09 00:22:20,61.9755122762653
2025-10-09 00:22:25,61.9755122762653
2025-10-09 00:22:30,62.45695713398482
2025-10-09 00:22:35,63.38344478508281
2025-10-09 00:22:40,62.89421001126782
2025-10-09 00:22:45,62.89421001126782
2025-10-09 00:22:50,63.422088106537686
2025-10-09 00:22:55,60.72923943206718
2025-10-09 00:23:00,63.84918710116379
2025-10-09 00:23:05,63.16740899830494
2025-10-09 00:23:10,63.84918710116379
2025-10-09 00:23:15,63.84918710116379
2025-10-09 00:23:20,64.3465194147026
2025-10-09 00:23:25,63.6224147416517
2025-10-09 00:23:30,63.156680493617046
2025-10-09 00:23:35,63.64814083407613
2025-10-09 00:23:40,63.84918710116379
2025-10-09 00:23:45,63.16740899830494
2025-10-09 00:23:50,63.16740899830494
2025-10-09 00:23:55,63.84918710116379
2025-10-09 00:24:00,64.3465194147026
2025-10-09 00:24:05,61.091094158481994
2025-10-09 00:24:10,64.3465194147026
2025-10-09 00:24:15,62.0162270855628
2025-10-09 00:24:20,57.40604965170861
2025-10-09 00:24:25,60.928720984249814
2025-10-09 00:24:30,58.91383077309096
2025-10-09 00:24:35,63.48723980657492
2025-10-09 00:24:40,57.70670945444133
2025-10-09 00:24:45,63.21253355092275
2025-10-09 00:24:50,63.67690784798422
2025-10-09 00:24:55,59.28242680413504
2025-10-09 00:25:00,62.599265318668344
2025-10-09 00:25:05,62.63738784640105
2025-10-09 00:25:10,58.450034941897044
2025-10-09 00:25:15,62.599265318668344
2025-10-09 00:25:20,56.38816898823996
2025-10-09 00:25:25,57.15164164666262
2025-10-09 00:25:30,58.37553447608892
2025-10-09 00:25:35,57.50879842814311
2025-10-09 00:25:40,62.583480509271666
2025-10-09 00:25:45,56.60275080861343
2025-10-09 00:25:50,57.22860410484617
2025-10-09 00:25:55,59.75525668656993
2025-10-09 00:26:00,58.72428902203282
2025-10-09 00:26:05,58.49148757064685
2025-10-09 00:26:10,59.35381278510821
2025-10-09 00:26:15,56.22450315698736
2025-10-09 00:26:20,59.35381278510821
2025-10-09 00:26:25,58.72428902203282
2025-10-09 00:26:30,57.87198749672218
2025-10-09 00:26:35,59.35381278510821
2025-10-09 00:26:40,57.71781126281685
2025-10-09 00:26:45,57.98940750194268
2025-10-09 00:26:50,56.22450315698736
2025-10-09 00:26:55,56.60275080861343
2025-10-09 00:27:00,59.35381278510821
2025-10-09 00:27:05,59.01308087533769
2025-10-09 00:27:10,57.58307763737819
2025-10-09 00:27:15,56.33165641238557
2025-10-09 00:27:20,61.80283156273028
2025-10-09 00:27:25,55.876368690701206
2025-10-09 00:27:30,55.94745029171498
2025-10-09 00:27:35,55.876368690701206
2025-10-09 00:27:40,58.5320126198308
2025-10-09 00:27:45,61.449289417589995
2025-10-09 00:27:50,55.876368690701206
2025-10-09 00:27:55,58.61709792976498
2025-10-09 00:28:00,52.61324924352977
2025-10-09 00:28:05,57.578796685068454
2025-10-09 00:28:10,54.97061477078476
2025-10-09 00:28:15,54.97061477078476
2025-10-09 00:28:20,60.753427632400175
2025-10-09 00:28:25,54.97061477078476
2025-10-09 00:28:30,60.711954133107874
2025-10-09 00:28:35,54.899702260759526
2025-10-09 00:28:40,54.899702260759526
2025-10-09 00:28:45,52.896673456149315
2025-10-09 00:28:50,57.58761391992669
2025-10-09 00:28:55,57.80129089329868
2025-10-09 00:29:00,52.02776025023645
2025-10-09 00:29:05,52.54569525286246
2025-10-09 00:29:10,54.899702260759526
2025-10-09 00:29:15,54.899702260759526
2025-10-09 00:29:20,52.02776025023645
2025-10-09 00:29:25,52.02776025023645
2025-10-09 00:29:30,54.899702260759526
2025-10-09 00:29:35,52.02776025023645
2025-10-09 00:29:40,52.53243240678808
2025-10-09 00:29:45,46.735168387518165
2025-10-09 00:29:50,49.91116351736707
2025-10-09 00:29:55,49.61376770674974
2025-10-09 00:30:00,46.01248100165041
2025-10-09 00:30:05,58.675715419801584
2025-10-09 00:30:10,58.675715419801584
2025-10-09 00:30:15,58.675715419801584
2025-10-09 00:30:20,58.675715419801584
2025-10-09 00:30:25,60.52540009303841
2025-10-09 00:30:30,60.52540009303841
2025-10-09 00:30:35,62.18228455254619
2025-10-09 00:30:40,55.17559185971826
2025-10-09 00:30:45,55.98021851595412
2025-10-09 00:30:50,55.17559185971826
2025-10-09 00:30:55,54.642739542191215
2025-10-09 00:31:00,53.845662974340726
2025-10-09 00:31:05,59.36254937481494
2025-10-09 00:31:10,59.36254937481494
2025-10-09 00:31:15,59.36254937481494
2025-10-09 00:31:20,50.0576713503522
2025-10-09 00:31:25,50.0576713503522
2025-10-09 00:31:30,54.00810720098269
2025-10-09 00:31:35,50.0576713503522
2025-10-09 00:31:40,46.91792574001202
2025-10-09 00:31:45,56.75785589269952
2025-10-09 00:31:50,50.10789433288663
2025-10-09 00:31:55,54.707415652992374
2025-10-09 00:32:00,50.10789433288663
2025-10-09 00:32:05,50.10789433288663
2025-10-09 00:32:10,50.15273250066525
2025-10-09 00:32:15,50.15273250066525
2025-10-09 00:32:20,49.9079110516074
2025-10-09 00:32:25,49.9079110516074
2025-10-09 00:32:30,54.978248913038215
2025-10-09 00:32:35,54.978248913038215
2025-10-09 00:32:40,54.978248913038215
2025-10-09 00:32:45,53.55469941087885
2025-10-09 00:32:50,54.38519063527988
2025-10-09 00:32:55,52.97860017880031
2025-10-09 00:33:00,54.38519063527988
2025-10-09 00:33:05,54.38519063527988
2025-10-09 00:33:10,54.38519063527988
2025-10-09 00:33:15,54.38519063527988
2025-10-09 00:33:20,52.97860017880031
2025-10-09 00:33:25,53.27856087814049
2025-10-09 00:33:30,53.67223104152866
2025-10-09 00:33:35,52.647595684397224
2025-10-09 00:33:40,52.09516618829641
2025-10-09 00:33:45,52.09516618829641
2025-10-09 00:33:50,52.97860017880031
2025-10-09 00:33:55,53.27856087814049
2025-10-09 00:34:00,53.27856087814049
2025-10-09 00:34:05,53.27856087814049
2025-10-09 00:34:10,52.97860017880031
2025-10-09 00:34:15,52.97860017880031
2025-10-09 00:34:20,53.27856087814049
2025-10-09 00:34:25,53.27856087814049
2025-10-09 00:34:30,53.27856087814049
2025-10-09 00:34:35,53.27856087814049
2025-10-09 00:34:40,52.01825368254051
2025-10-09 00:34:45,52.01825368254051
2025-10-09 00:34:50,52.01825368254051
2025-10-09 00:34:55,52.581285080787886
2025-10-09 00:35:00,52.01825368254051
2025-10-09 00:35:05,52.01825368254051
2025-10-09 00:35:10,50.865877766740944
2025-10-09 00:35:15,50.865877766740944
2025-10-09 00:35:20,50.865877766740944
2025-10-09 00:35:25,50.865877766740944
2025-10-09 00:35:30,50.865877766740944
2025-10-09 00:35:35,51.18529577005278
2025-10-09 00:35:40,53.58529187562631
2025-10-09 00:35:45,53.58529187562631
2025-10-09 00:35:50,52.01825368254051
2025-10-09 00:35:55,53.58529187562631
2025-10-09 00:36:00,51.18529577005278
2025-10-09 00:36:05,49.96509205025687
2025-10-09 00:36:10,52.30140969005759
2025-10-09 00:36:15,50.77594930941547
2025-10-09 00:36:20,50.77594930941547
2025-10-09 00:36:25,49.96509205025687
2025-10-09 00:36:30,49.96509205025687
2025-10-09 00:36:35,50.77594930941547
2025-10-09 00:36:40,52.42092551205397
2025-10-09 00:36:45,51.36220932603957
2025-10-09 00:36:50,52.90591715083686
2025-10-09 00:36:55,52.90591715083686
2025-10-09 00:37:00,51.36088013138193
2025-10-09 00:37:05,54.149999497880195
2025-10-09 00:37:10,55.38524402947944
2025-10-09 00:37:15,49.63543267956687
2025-10-09 00:37:20,49.63543267956687
2025-10-09 00:37:25,49.63543267956687
2025-10-09 00:37:30,49.63543267956687
2025-10-09 00:37:35,49.63543267956687
2025-10-09 00:37:40,30.41596192806113
2025-10-09 00:37:45,50.37413368175382
2025-10-09 00:37:50,55.09679766984774
2025-10-09 00:37:55,50.37413368175382
2025-10-09 00:38:00,50.37413368175382
2025-10-09 00:38:05,50.37413368175382
2025-10-09 00:38:10,50.37413368175382
2025-10-09 00:38:15,53.48742653775948
2025-10-09 00:38:20,53.48742653775948
2025-10-09 00:38:25,50.37413368175382
2025-10-09 00:38:30,50.37413368175382
2025-10-09 00:38:35,30.41596192806113
2025-10-09 00:38:40,30.41596192806113
2025-10-09 00:38:45,50.37413368175382
2025-10-09 00:38:50,32.153886422598546
2025-10-09 00:38:55,32.153886422598546
2025-10-09 00:39:00,50.37413368175382
2025-10-09 00:39:05,54.57771593643675
2025-10-09 00:39:10,49.63543267956687
2025-10-09 00:39:15,31.38302051091268
2025-10-09 00:39:20,31.38302051091268
2025-10-09 00:39:25,54.57771593643675
2025-10-09 00:39:30,32.153886422598546
2025-10-09 00:39:35,49.63543267956687
2025-10-09 00:39:40,54.57771593643675
2025-10-09 00:39:45,55.710173489974196
2025-10-09 00:39:50,53.48742653775948
2025-10-09 00:39:55,56.03138070871289
2025-10-09 00:40:00,60.16644897940436
2025-10-09 00:40:05,60.61651369865983
2025-10-09 00:40:10,58.813529077450994
2025-10-09 00:40:15,54.466931770426896
2025-10-09 00:40:20,50.37413368175382
2025-10-09 00:40:25,50.37413368175382
2025-10-09 00:40:30,50.37413368175382
2025-10-09 00:40:35,57.74761236752448
2025-10-09 00:40:40,54.069660611308684
2025-10-09 00:40:45,54.069660611308684
2025-10-09 00:40:50,54.57771593643675
2025-10-09 00:40:55,54.57771593643675
2025-10-09 00:41:00,32.33417665202642
2025-10-09 00:41:05,32.33417665202642
2025-10-09 00:41:10,31.698745146830685
2025-10-09 00:41:15,31.698745146830685
2025-10-09 00:41:20,31.38302051091268
2025-10-09 00:41:25,31.38302051091268
2025-10-09 00:41:30,31.38302051091268
2025-10-09 00:41:35,31.38302051091268
2025-10-09 00:41:40,31.38302051091268
2025-10-09 00:41:45,33.54878926375298
2025-10-09 00:41:50,33.54878926375298
2025-10-09 00:41:55,57.40992631001313
2025-10-09 00:42:00,32.5550615297879
2025-10-09 00:42:05,32.5550615297879
2025-10-09 00:42:10,32.5550615297879
2025-10-09 00:42:15,32.5550615297879
2025-10-09 00:42:20,32.5550615297879
2025-10-09 00:42:25,56.787898946184214
2025-10-09 00:42:30,32.5550615297879
2025-10-09 00:42:35,56.787898946184214
2025-10-09 00:42:40,56.787898946184214
2025-10-09 00:42:45,56.787898946184214
2025-10-09 00:42:50,32.5550615297879
2025-10-09 00:42:55,57.62070556996832
2025-10-09 00:43:00,32.99669171134355
2025-10-09 00:43:05,34.006460607671784
2025-10-09 00:43:10,34.006460607671784
2025-10-09 00:43:15,34.006460607671784
2025-10-09 00:43:20,62.24552727423962
2025-10-09 00:43:25,57.62070556996832
2025-10-09 00:43:30,57.62070556996832
2025-10-09 00:43:35,57.62070556996832
2025-10-09 00:43:40,57.62070556996832
2025-10-09 00:43:45,56.984380789760515
2025-10-09 00:43:50,56.984380789760515
2025-10-09 00:43:55,56.984380789760515
2025-10-09 00:44:00,55.88113787678469
2025-10-09 00:44:05,55.88113787678469
2025-10-09 00:44:10,55.88113787678469
2025-10-09 00:44:15,55.88113787678469
2025-10-09 00:44:20,55.88113787678469
2025-10-09 00:44:25,55.88113787678469
2025-10-09 00:44:30,55.88113787678469
2025-10-09 00:44:35,55.88113787678469
2025-10-09 00:44:40,55.88113787678469
2025-10-09 00:44:45,55.88113787678469
2025-10-09 00:44:50,55.88113787678469
2025-10-09 00:44:55,56.49223256129266
2025-10-09 00:45:00,55.88113787678469
2025-10-09 00:45:05,55.88113787678469
2025-10-09 00:45:10,56.30088900475656
2025-10-09 00:45:15,55.692073836423404
2025-10-09 00:45:20,55.692073836423404
2025-10-09 00:45:25,56.30088900475656
2025-10-09 00:45:30,56.30088900475656
2025-10-09 00:45:35,55.692073836423404
2025-10-09 00:45:40,55.692073836423404
2025-10-09 00:45:45,55.692073836423404
2025-10-09 00:45:50,55.692073836423404
2025-10-09 00:45:55,55.692073836423404
2025-10-09 00:46:00,55.692073836423404
2025-10-09 00:46:05,55.692073836423404
2025-10-09 00:46:10,56.684798105139386
2025-10-09 00:46:15,56.684798105139386
2025-10-09 00:46:20,62.04312169781425
2025-10-09 00:46:25,62.04312169781425
2025-10-09 00:46:30,57.434708559710934
2025-10-09 00:46:35,57.434708559710934
2025-10-09 00:46:40,57.434708559710934
2025-10-09 00:46:45,57.434708559710934
2025-10-09 00:46:50,58.06453440797531
2025-10-09 00:46:55,58.06453440797531
2025-10-09 00:47:00,57.434708559710934
2025-10-09 00:47:05,57.434708559710934
2025-10-09 00:47:10,57.434708559710934
2025-10-09 00:47:15,56.684798105139386
2025-10-09 00:47:20,60.61000449196472
2025-10-09 00:47:25,60.61000449196472
2025-10-09 00:47:30,66.37682093335437
2025-10-09 00:47:35,67.28713333378845
2025-10-09 00:47:40,67.28713333378845
2025-10-09 00:47:45,66.63567043163964
2025-10-09 00:47:50,66.63567043163964
2025-10-09 00:47:55,68.87871541851742
2025-10-09 00:48:00,68.87871541851742
2025-10-09 00:48:05,71.54525844878556
2025-10-09 00:48:10,71.54525844878556
2025-10-09 00:48:15,71.54525844878556
2025-10-09 00:48:20,71.54525844878556
2025-10-09 00:48:25,71.54525844878556
2025-10-09 00:48:30,71.54525844878556
2025-10-09 00:48:35,71.54525844878556
2025-10-09 00:48:40,71.54525844878556
2025-10-09 00:48:45,71.54525844878556
2025-10-09 00:48:50,71.54525844878556
2025-10-09 00:48:55,71.54525844878556
2025-10-09 00:49:00,71.54525844878556
2025-10-09 00:49:05,71.54525844878556
2025-10-09 00:49:10,71.54525844878556
2025-10-09 00:49:15,71.54525844878556
2025-10-09 00:49:20,71.54525844878556
2025-10-09 00:49:25,71.54525844878556
2025-10-09 00:49:30,71.54525844878556
2025-10-09 00:49:35,71.54525844878556
2025-10-09 00:49:40,71.54525844878556
2025-10-09 00:49:45,71.54525844878556
2025-10-09 00:49:50,71.54525844878556
2025-10-09 00:49:55,71.54525844878556
2025-10-09 00:50:00,71.54525844878556
2025-10-09 00:50:05,71.54525844878556
2025-10-09 00:50:10,71.54525844878556
2025-10-09 00:50:15,71.54525844878556
2025-10-09 00:50:20,71.54525844878556
2025-10-09 00:50:25,71.54525844878556
2025-10-09 00:50:30,71.54525844878556
2025-10-09 00:50:35,71.54525844878556
2025-10-09 00:50:40,71.54525844878556
2025-10-09 00:50:45,71.54525844878556
2025-10-09 00:50:50,71.54525844878556
2025-10-09 00:50:55,71.87708978622813
2025-10-09 00:51:00,70.29284060744426
2025-10-09 00:51:05,70.29284060744426
2025-10-09 00:51:10,70.29284060744426
2025-10-09 00:51:15,70.29284060744426
2025-10-09 00:51:20,70.29284060744426
2025-10-09 00:51:25,70.29284060744426
2025-10-09 00:51:30,70.29284060744426
2025-10-09 00:51:35,70.29284060744426
2025-10-09 00:51:40,70.4607855177552
2025-10-09 00:51:45,70.4607855177552
2025-10-09 00:51:50,71.35290040391148
2025-10-09 00:51:55,71.35290040391148
2025-10-09 00:52:00,71.35290040391148
2025-10-09 00:52:05,71.35290040391148
2025-10-09 00:52:10,71.35290040391148
2025-10-09 00:52:15,71.35290040391148
2025-10-09 00:52:20,71.35290040391148
2025-10-09 00:52:25,71.35290040391148
2025-10-09 00:52:30,71.35290040391148
2025-10-09 00:52:35,78.90414074911637
2025-10-09 00:52:40,78.90414074911637
2025-10-09 00:52:45,78.90414074911637
2025-10-09 00:52:50,78.90414074911637
2025-10-09 00:52:55,78.90414074911637
2025-10-09 00:53:00,78.90414074911637
2025-10-09 00:53:05,78.90414074911637
2025-10-09 00:53:10,79.11544007091089
2025-10-09 00:53:15,79.11544007091089
2025-10-09 00:53:20,79.11544007091089
2025-10-09 00:53:25,79.11544007091089
2025-10-09 00:53:30,79.11544007091089
2025-10-09 00:53:35,79.11544007091089
2025-10-09 00:53:40,79.11544007091089
2025-10-09 00:53:45,77.58083083908271
2025-10-09 00:53:50,78.9593467683445
2025-10-09 00:53:55,78.9593467683445
2025-10-09 00:54:00,78.9593467683445
2025-10-09 00:54:05,78.9593467683445
2025-10-09 00:54:10,78.9593467683445
2025-10-09 00:54:15,78.9593467683445
2025-10-09 00:54:20,78.9593467683445
2025-10-09 00:54:25,77.97078081309435
2025-10-09 00:54:30,77.97078081309435
2025-10-09 00:54:35,77.97078081309435
2025-10-09 00:54:40,77.97078081309435
2025-10-09 00:54:45,77.97078081309435
2025-10-09 00:54:50,77.97078081309435
2025-10-09 00:54:55,77.97078081309435
2025-10-09 00:55:00,77.97078081309435
2025-10-09 00:55:05,77.97078081309435
2025-10-09 00:55:10,77.97078081309435
2025-10-09 00:55:15,77.97078081309435
2025-10-09 00:55:20,77.97078081309435
2025-10-09 00:55:25,77.97078081309435
2025-10-09 00:55:30,77.97078081309435
2025-10-09 00:55:35,76.64020345694728
2025-10-09 00:55:40,76.64020345694728
2025-10-09 00:55:45,76.64020345694728
2025-10-09 00:55:50,76.64020345694728
2025-10-09 00:55:55,76.64020345694728
2025-10-09 00:56:00,76.64020345694728
2025-10-09 00:56:05,76.64020345694728
2025-10-09 00:56:10,76.64020345694728
2025-10-09 00:56:15,76.64020345694728
2025-10-09 00:56:20,76.64020345694728
2025-10-09 00:56:25,76.64020345694728
2025-10-09 00:56:30,76.64020345694728
2025-10-09 00:56:35,76.64020345694728
2025-10-09 00:56:40,76.64020345694728
2025-10-09 00:56:45,76.64020345694728
2025-10-09 00:56:50,76.64020345694728
2025-10-09 00:56:55,76.64020345694728
2025-10-09 00:57:00,76.64020345694728
2025-10-09 00:57:05,76.64020345694728
2025-10-09 00:57:10,76.64020345694728
2025-10-09 00:57:15,76.64020345694728
2025-10-09 00:57:20,76.64020345694728
2025-10-09 00:57:25,76.64020345694728
2025-10-09 00:57:30,76.64020345694728
2025-10-09 00:57:35,76.64020345694728
2025-10-09 00:57:40,76.64020345694728
2025-10-09 00:57:45,76.64020345694728
2025-10-09 00:57:50,76.64020345694728
2025-10-09 00:57:55,76.64020345694728
2025-10-09 00:58:00,76.64020345694728
2025-10-09 00:58:05,76.64020345694728
2025-10-09 00:58:10,76.64020345694728
2025-10-09 00:58:15,76.64020345694728
2025-10-09 00:58:20,76.64020345694728
2025-10-09 00:58:25,76.64020345694728
2025-10-09 00:58:30,76.64020345694728
2025-10-09 00:58:35,76.64020345694728
2025-10-09 00:58:40,76.64020345694728
2025-10-09 00:58:45,77.43767684132689
2025-10-09 00:58:50,77.43767684132689
2025-10-09 00:58:55,77.43767684132689
2025-10-09 00:59:00,77.43767684132689
2025-10-09 00:59:05,77.43767684132689
2025-10-09 00:59:10,77.43767684132689
2025-10-09 00:59:15,77.43767684132689
2025-10-09 00:59:20,77.43767684132689
2025-10-09 00:59:25,77.43767684132689
2025-10-09 00:59:30,77.43767684132689
2025-10-09 00:59:35,77.43767684132689
2025-10-09 00:59:40,77.43767684132689
2025-10-09 00:59:45,77.43767684132689
2025-10-09 00:59:50,77.43767684132689
2025-10-09 00:59:55,77.43767684132689
2025-10-09 01:00:00,80.60273700395894
2025-10-09 01:00:05,80.60273700395894
2025-10-09 01:00:10,80.60273700395894
2025-10-09 01:00:15,78.71197625407083
2025-10-09 01:00:20,78.71197625407083
2025-10-09 01:00:25,78.71197625407083
2025-10-09 01:00:30,78.71197625407083
2025-10-09 01:00:35,78.71197625407083
2025-10-09 01:00:40,78.71197625407083
2025-10-09 01:00:45,78.71197625407083
2025-10-09 01:00:50,78.71197625407083
2025-10-09 01:00:55,78.71197625407083
2025-10-09 01:01:00,78.71197625407083
2025-10-09 01:01:05,78.71197625407083
2025-10-09 01:01:10,78.71197625407083
2025-10-09 01:01:15,79.60681516479512
2025-10-09 01:01:20,78.71197625407083
2025-10-09 01:01:25,78.71197625407083
2025-10-09 01:01:30,73.79587832054376
2025-10-09 01:01:35,73.93329425071119
2025-10-09 01:01:40,73.79587832054376
2025-10-09 01:01:45,73.79587832054376
2025-10-09 01:01:50,73.79587832054376
2025-10-09 01:01:55,73.79587832054376
2025-10-09 01:02:00,72.65888190926407
2025-10-09 01:02:05,72.30904967504155
2025-10-09 01:02:10,72.82280503049212
2025-10-09 01:02:15,72.75513187513816
2025-10-09 01:02:20,72.75513187513816
2025-10-09 01:02:25,73.24445366518052
2025-10-09 01:02:30,73.21639036654071
2025-10-09 01:02:35,72.75513187513816
2025-10-09 01:02:40,73.24445366518052
2025-10-09 01:02:45,73.07223734322451
2025-10-09 01:02:50,72.5527091671666
2025-10-09 01:02:55,73.02718936333396
2025-10-09 01:03:00,73.31261697315131
2025-10-09 01:03:05,72.93740377851479
2025-10-09 01:03:10,72.16880046654357
2025-10-09 01:03:15,72.16880046654357
2025-10-09 01:03:20,71.99930642396956
2025-10-09 01:03:25,71.3202195600043
2025-10-09 01:03:30,71.3202195600043
2025-10-09 01:03:35,71.48799059866896
2025-10-09 01:03:40,72.16880046654357
2025-10-09 01:03:45,71.68418570140015
2025-10-09 01:03:50,71.68418570140015
2025-10-09 01:03:55,71.68418570140015
2025-10-09 01:04:00,72.16880046654357
2025-10-09 01:04:05,71.68418570140015
2025-10-09 01:04:10,71.51591812920249
2025-10-09 01:04:15,70.84174518379729
2025-10-09 01:04:20,70.79817754789667
2025-10-09 01:04:25,68.79294880205927
2025-10-09 01:04:30,68.24302146514319
2025-10-09 01:04:35,69.32829858624679
2025-10-09 01:04:40,69.32829858624679
2025-10-09 01:04:45,68.40837517525843
2025-10-09 01:04:50,67.34403363624232
2025-10-09 01:04:55,67.52541872481125
2025-10-09 01:05:00,67.97686201528336
2025-10-09 01:05:05,66.25641785978726
2025-10-09 01:05:10,66.25641785978726
2025-10-09 01:05:15,66.25641785978726
2025-10-09 01:05:20,66.64624390928292
2025-10-09 01:05:25,67.36114185846756
2025-10-09 01:05:30,55.46428715017702
2025-10-09 01:05:35,55.978460024225676
2025-10-09 01:05:40,67.54245762401887
2025-10-09 01:05:45,66.43617290031719
2025-10-09 01:05:50,56.49311499289352
2025-10-09 01:05:55,55.556975495324515
2025-10-09 01:06:00,52.147235452290474
2025-10-09 01:06:05,55.978460024225676
2025-10-09 01:06:10,55.75788410384916
2025-10-09 01:06:15,52.352059725872174
2025-10-09 01:06:20,68.38438501546175
2025-10-09 01:06:25,68.38438501546175
2025-10-09 01:06:30,55.978460024225676
2025-10-09 01:06:35,52.352059725872174
2025-10-09 01:06:40,55.978460024225676
2025-10-09 01:06:45,52.352059725872174
2025-10-09 01:06:50,55.978460024225676
2025-10-09 01:06:55,55.556975495324515
2025-10-09 01:07:00,52.352059725872174
2025-10-09 01:07:05,55.776674941209905
2025-10-09 01:07:10,55.556975495324515
2025-10-09 01:07:15,55.95751732256523
2025-10-09 01:07:20,59.50321229468112
2025-10-09 01:07:25,55.877403859611285
2025-10-09 01:07:30,55.982964579589336
2025-10-09 01:07:35,56.15428637171162
2025-10-09 01:07:40,52.352059725872174
2025-10-09 01:07:45,52.030154636812874
2025-10-09 01:07:50,51.82600940876131
2025-10-09 01:07:55,66.43617290031719
2025-10-09 01:08:00,55.95751732256523
2025-10-09 01:08:05,55.978460024225676
2025-10-09 01:08:10,55.978460024225676
2025-10-09 01:08:15,66.41091737657047
2025-10-09 01:08:20,56.50453826070501
2025-10-09 01:08:25,52.030154636812874
2025-10-09 01:08:30,55.61099965951984
2025-10-09 01:08:35,65.9930398166644
2025-10-09 01:08:40,65.55586190841859
2025-10-09 01:08:45,52.030154636812874
2025-10-09 01:08:50,69.02805496764915
2025-10-09 01:08:55,55.285201968514585
2025-10-09 01:09:00,59.36446027594149
2025-10-09 01:09:05,56.50453826070501
2025-10-09 01:09:10,53.70195317648451
2025-10-09 01:09:15,57.41062241398647
2025-10-09 01:09:20,66.2982275578892
2025-10-09 01:09:25,61.958286490717626
2025-10-09 01:09:30,66.2982275578892
2025-10-09 01:09:35,61.71173657225898
2025-10-09 01:09:40,61.958286490717626
2025-10-09 01:09:45,66.95668451386976
2025-10-09 01:09:50,66.93803119515296
2025-10-09 01:09:55,67.60338295506034
2025-10-09 01:10:00,67.28232687652081
2025-10-09 01:10:05,68.60955465798052
2025-10-09 01:10:10,68.53990151335918
2025-10-09 01:10:15,69.02501581973557
2025-10-09 01:10:20,68.63976215273686
2025-10-09 01:10:25,70.75722008353137
2025-10-09 01:10:30,68.63474855780855
2025-10-09 01:10:35,67.24689585273495
2025-10-09 01:10:40,66.45471447133366
2025-10-09 01:10:45,68.4152303842318
2025-10-09 01:10:50,68.80558702409402
2025-10-09 01:10:55,69.75254441805238
2025-10-09 01:11:00,71.93874955120175
2025-10-09 01:11:05,71.93874955120175
2025-10-09 01:11:10,69.5362517123749
2025-10-09 01:11:15,72.50037923360071
2025-10-09 01:11:20,74.5647526939443
2025-10-09 01:11:25,72.26444357372485
2025-10-09 01:11:30,72.32432001751965
2025-10-09 01:11:35,72.5870425041062
2025-10-09 01:11:40,73.04771678242626
2025-10-09 01:11:45,74.5647526939443
2025-10-09 01:11:50,72.5870425041062
2025-10-09 01:11:55,72.32432001751965
2025-10-09 01:12:00,72.32432001751965
2025-10-09 01:12:05,72.5870425041062
2025-10-09 01:12:10,65.1948651327423
2025-10-09 01:12:15,65.1948651327423
2025-10-09 01:12:20,72.32432001751965
2025-10-09 01:12:25,77.1295291670077
2025-10-09 01:12:30,72.32432001751965
2025-10-09 01:12:35,72.50710920791471
2025-10-09 01:12:40,71.64101023313978
2025-10-09 01:12:45,70.96520967463951
2025-10-09 01:12:50,72.17670166793111
2025-10-09 01:12:55,70.2813392994282
2025-10-09 01:13:00,70.2813392994282
2025-10-09 01:13:05,69.86268039777312
2025-10-09 01:13:10,70.5421517572205
2025-10-09 01:13:15,69.50407537615814
2025-10-09 01:13:20,69.50407537615814
2025-10-09 01:13:25,69.50407537615814
2025-10-09 01:13:30,69.86268039777312
2025-10-09 01:13:35,69.86268039777312
2025-10-09 01:13:40,71.27025800964908
2025-10-09 01:13:45,69.50461465730625
2025-10-09 01:13:50,69.50461465730625
2025-10-09 01:13:55,69.44047535013445
2025-10-09 01:14:00,69.79224959650813
2025-10-09 01:14:05,69.79224959650813
2025-10-09 01:14:10,69.79224959650813
2025-10-09 01:14:15,69.79224959650813
2025-10-09 01:14:20,69.79224959650813
2025-10-09 01:14:25,69.79224959650813
2025-10-09 01:14:30,69.79224959650813
2025-10-09 01:14:35,69.79224959650813
2025-10-09 01:14:40,69.79224959650813
2025-10-09 01:14:45,69.43959122433425
2025-10-09 01:14:50,69.43959122433425
2025-10-09 01:14:55,69.43959122433425
2025-10-09 01:15:00,69.74767289558685
2025-10-09 01:15:05,64.68569420783335
2025-10-09 01:15:10,63.77495169153608
2025-10-09 01:15:15,63.77495169153608
2025-10-09 01:15:20,63.77495169153608
2025-10-09 01:15:25,63.77495169153608
2025-10-09 01:15:30,63.77495169153608
2025-10-09 01:15:35,63.739411706510765
2025-10-09 01:15:40,63.739411706510765
2025-10-09 01:15:45,63.739411706510765
2025-10-09 01:15:50,63.739411706510765
2025-10-09 01:15:55,63.739411706510765
2025-10-09 01:16:00,63.739411706510765
2025-10-09 01:16:05,63.739411706510765
2025-10-09 01:16:10,63.739411706510765
2025-10-09 01:16:15,63.739411706510765
2025-10-09 01:16:20,63.796160840170586
2025-10-09 01:16:25,64.02433438101845
2025-10-09 01:16:30,63.9673642786454
2025-10-09 01:16:35,65.25244554428703
2025-10-09 01:16:40,65.13481859937751
2025-10-09 01:16:45,65.25244554428703
2025-10-09 01:16:50,63.9673642786454
2025-10-09 01:16:55,64.02433438101845
2025-10-09 01:17:00,65.13481859937751
2025-10-09 01:17:05,65.13481859937751
2025-10-09 01:17:10,65.13481859937751
2025-10-09 01:17:15,65.13481859937751
2025-10-09 01:17:20,63.9673642786454
2025-10-09 01:17:25,65.25244554428703
2025-10-09 01:17:30,65.03519808672847
2025-10-09 01:17:35,65.03519808672847
2025-10-09 01:17:40,65.25244554428703
2025-10-09 01:17:45,65.25244554428703
2025-10-09 01:17:50,65.32250874309483
2025-10-09 01:17:55,65.13481859937751
2025-10-09 01:18:00,65.13481859937751
2025-10-09 01:18:05,65.25244554428703
2025-10-09 01:18:10,65.25244554428703
2025-10-09 01:18:15,65.25244554428703
2025-10-09 01:18:20,65.25244554428703
2025-10-09 01:18:25,65.25244554428703
2025-10-09 01:18:30,65.03519808672847
2025-10-09 01:18:35,65.03519808672847
2025-10-09 01:18:40,65.25244554428703
2025-10-09 01:18:45,65.03519808672847
2025-10-09 01:18:50,65.03519808672847
2025-10-09 01:18:55,65.28890405844452
2025-10-09 01:19:00,65.04669824300433
2025-10-09 01:19:05,64.7199481267052
2025-10-09 01:19:10,64.80057670502617
2025-10-09 01:19:15,64.80057670502617
2025-10-09 01:19:20,64.80057670502617
2025-10-09 01:19:25,63.324509241784014
2025-10-09 01:19:30,65.3501230840982
2025-10-09 01:19:35,65.31362742778238
2025-10-09 01:19:40,66.25705870670626
2025-10-09 01:19:45,66.25705870670626
2025-10-09 01:19:50,65.96701453457892
2025-10-09 01:19:55,65.84798801423281
2025-10-09 01:20:00,65.96701453457892
2025-10-09 01:20:05,65.5056394676555
2025-10-09 01:20:10,67.10701245675588
2025-10-09 01:20:15,67.10701245675588
2025-10-09 01:20:20,66.59915573168374
2025-10-09 01:20:25,66.0022065831076
2025-10-09 01:20:30,66.06114918564336
2025-10-09 01:20:35,66.0022065831076
2025-10-09 01:20:40,67.19183360765358
2025-10-09 01:20:45,67.10701245675588
2025-10-09 01:20:50,67.10701245675588
2025-10-09 01:20:55,67.34462161762042
2025-10-09 01:21:00,65.50341269320482
2025-10-09 01:21:05,65.50341269320482
2025-10-09 01:21:10,66.00275337415835
2025-10-09 01:21:15,66.00275337415835
2025-10-09 01:21:20,66.00275337415835
2025-10-09 01:21:25,66.00275337415835
2025-10-09 01:21:30,67.11639028172263
2025-10-09 01:21:35,65.28194299084629
2025-10-09 01:21:40,64.9539085598983
2025-10-09 01:21:45,64.99116118987031
2025-10-09 01:21:50,65.50395499887286
2025-10-09 01:21:55,64.42775610193786
2025-10-09 01:22:00,64.44322961989197
2025-10-09 01:22:05,64.42775610193786
2025-10-09 01:22:10,64.88992133948217
2025-10-09 01:22:15,64.88992133948217
2025-10-09 01:22:20,64.96339510466125
2025-10-09 01:22:25,64.40025163878289
2025-10-09 01:22:30,65.67661981977113
2025-10-09 01:22:35,65.97451754731784
2025-10-09 01:22:40,65.67661981977113
2025-10-09 01:22:45,65.47595079339736
2025-10-09 01:22:50,66.591913466223
2025-10-09 01:22:55,65.97451754731784
2025-10-09 01:23:00,63.59776965900128
2025-10-09 01:23:05,63.60598167259001
2025-10-09 01:23:10,52.996768319184746
2025-10-09 01:23:15,64.4399870946381
2025-10-09 01:23:20,65.87857764362943
2025-10-09 01:23:25,64.08908200663049
2025-10-09 01:23:30,64.08080207189332
2025-10-09 01:23:35,65.15069698786682
2025-10-09 01:23:40,64.08080207189332
2025-10-09 01:23:45,64.08080207189332
2025-10-09 01:23:50,64.85683715147823
2025-10-09 01:23:55,64.2034176586992
2025-10-09 01:24:00,66.00493677483598
2025-10-09 01:24:05,65.58115015791437
2025-10-09 01:24:10,65.28482822366797
2025-10-09 01:24:15,70.07045004474703
2025-10-09 01:24:20,49.26432095416136
2025-10-09 01:24:25,64.6556959833302
2025-10-09 01:24:30,65.58115015791437
2025-10-09 01:24:35,65.58115015791437
2025-10-09 01:24:40,64.98315972190099
2025-10-09 01:24:45,64.6556959833302
2025-10-09 01:24:50,63.79218624061209
2025-10-09 01:24:55,65.3034515384249
2025-10-09 01:25:00,65.60920323632455
2025-10-09 01:25:05,65.9229946489203
2025-10-09 01:25:10,66.00493677483598
2025-10-09 01:25:15,65.58115015791437
2025-10-09 01:25:20,64.6556959833302
2025-10-09 01:25:25,66.00493677483598
2025-10-09 01:25:30,69.15463104697847
2025-10-09 01:25:35,69.15463104697847
2025-10-09 01:25:40,69.15463104697847
2025-10-09 01:25:45,66.18264220223118
2025-10-09 01:25:50,66.18264220223118
2025-10-09 01:25:55,66.18264220223118
2025-10-09 01:26:00,59.262645916412694
2025-10-09 01:26:05,59.44804445666913
2025-10-09 01:26:10,58.88584786684481
2025-10-09 01:26:15,59.42285236593914
2025-10-09 01:26:20,58.30508500269884
2025-10-09 01:26:25,61.79467147332897
2025-10-09 01:26:30,59.82878808048873
2025-10-09 01:26:35,59.262645916412694
2025-10-09 01:26:40,59.42285236593914
2025-10-09 01:26:45,66.18264220223118
2025-10-09 01:26:50,59.262645916412694
2025-10-09 01:26:55,58.88584786684481
2025-10-09 01:27:00,56.729851645610154
2025-10-09 01:27:05,58.88584786684481
2025-10-09 01:27:10,59.803419188144616
2025-10-09 01:27:15,59.42285236593914
2025-10-09 01:27:20,56.729851645610154
2025-10-09 01:27:25,56.729851645610154
2025-10-09 01:27:30,56.729851645610154
2025-10-09 01:27:35,65.20394454878064
2025-10-09 01:27:40,58.3775163696801
2025-10-09 01:27:45,58.78069072379514
2025-10-09 01:27:50,59.34178617916169
2025-10-09 01:27:55,59.31664343038727
2025-10-09 01:28:00,65.00484383240482
2025-10-09 01:28:05,63.911918563674995
2025-10-09 01:28:10,59.16213577496621
2025-10-09 01:28:15,65.00484383240482
2025-10-09 01:28:20,65.86124169169177
2025-10-09 01:28:25,65.00484383240482
2025-10-09 01:28:30,58.60290200280262
2025-10-09 01:28:35,59.13707644841991
2025-10-09 01:28:40,58.201065358547375
2025-10-09 01:28:45,58.60290200280262
2025-10-09 01:28:50,65.00484383240482
2025-10-09 01:28:55,65.86124169169177
2025-10-09 01:29:00,65.00484383240482
2025-10-09 01:29:05,64.76640477952742
2025-10-09 01:29:10,65.00484383240482
2025-10-09 01:29:15,58.60290200280262
2025-10-09 01:29:20,58.201065358547375
2025-10-09 01:29:25,65.00484383240482
2025-10-09 01:29:30,66.61930054164316
2025-10-09 01:29:35,60.28840620234203
2025-10-09 01:29:40,60.26282388232446
2025-10-09 01:29:45,60.26282388232446
2025-10-09 01:29:50,62.47735474052198
2025-10-09 01:29:55,62.450755963207286
2025-10-09 01:30:00,64.28406925786469
2025-10-09 01:30:05,64.28406925786469
2025-10-09 01:30:10,68.58609339625616
2025-10-09 01:30:15,63.21902405294731
2025-10-09 01:30:20,63.21902405294731
2025-10-09 01:30:25,62.78245499177628
2025-10-09 01:30:30,69.56270273546775
2025-10-09 01:30:35,66.64560070065018
2025-10-09 01:30:40,64.9565722992994
2025-10-09 01:30:45,64.9565722992994
2025-10-09 01:30:50,70.48436494472125
2025-10-09 01:30:55,69.56270273546775
2025-10-09 01:31:00,64.9565722992994
2025-10-09 01:31:05,69.56270273546775
2025-10-09 01:31:10,64.9565722992994
2025-10-09 01:31:15,67.7552567092524
2025-10-09 01:31:20,64.9565722992994
2025-10-09 01:31:25,64.15314453687327
2025-10-09 01:31:30,64.15314453687327
2025-10-09 01:31:35,68.6973489347185
2025-10-09 01:31:40,67.5369473849688
2025-10-09 01:31:45,68.44418885653552
2025-10-09 01:31:50,69.23913169174624
2025-10-09 01:31:55,68.06882968565267
2025-10-09 01:32:00,69.23913169174624
2025-10-09 01:32:05,66.88018140161219
2025-10-09 01:32:10,68.02835791033685
2025-10-09 01:32:15,68.01080108670907
2025-10-09 01:32:20,63.51572710038992
2025-10-09 01:32:25,66.86294540872994
2025-10-09 01:32:30,67.76037809025354
2025-10-09 01:32:35,67.76037809025354
2025-10-09 01:32:40,63.51572710038992
2025-10-09 01:32:45,63.51572710038992
2025-10-09 01:32:50,63.35145859906729
2025-10-09 01:32:55,63.35145859906729
2025-10-09 01:33:00,63.35145859906729
2025-10-09 01:33:05,63.35145859906729
2025-10-09 01:33:10,63.35145859906729
2025-10-09 01:33:15,63.35145859906729
2025-10-09 01:33:20,63.35145859906729
2025-10-09 01:33:25,63.35145859906729
2025-10-09 01:33:30,63.35145859906729
2025-10-09 01:33:35,63.35145859906729
2025-10-09 01:33:40,63.35145859906729
2025-10-09 01:33:45,63.35145859906729
2025-10-09 01:33:50,63.35145859906729
2025-10-09 01:33:55,63.35145859906729
2025-10-09 01:34:00,63.35145859906729
2025-10-09 01:34:05,63.35145859906729
2025-10-09 01:34:10,63.35145859906729
2025-10-09 01:34:15,63.35145859906729
2025-10-09 01:34:20,63.35145859906729
2025-10-09 01:34:25,63.35145859906729
2025-10-09 01:34:30,63.35145859906729
2025-10-09 01:34:35,63.35145859906729
2025-10-09 01:34:40,63.35145859906729
2025-10-09 01:34:45,63.35145859906729
2025-10-09 01:34:50,63.35145859906729
2025-10-09 01:34:55,64.12974163078387
2025-10-09 01:35:00,64.12974163078387
2025-10-09 01:35:05,64.12974163078387
2025-10-09 01:35:10,64.12974163078387
2025-10-09 01:35:15,64.12974163078387
2025-10-09 01:35:20,64.12974163078387
2025-10-09 01:35:25,64.12974163078387
2025-10-09 01:35:30,64.12974163078387
2025-10-09 01:35:35,65.45803575226743
2025-10-09 01:35:40,65.45803575226743
2025-10-09 01:35:45,65.45803575226743
2025-10-09 01:35:50,65.49493248935612
2025-10-09 01:35:55,65.49493248935612
2025-10-09 01:36:00,65.49493248935612
2025-10-09 01:36:05,65.49493248935612
2025-10-09 01:36:10,64.7997639990203
2025-10-09 01:36:15,54.24917739670197
2025-10-09 01:36:20,54.24917739670197
2025-10-09 01:36:25,54.24917739670197
2025-10-09 01:36:30,54.24917739670197
2025-10-09 01:36:35,53.37383350942508
2025-10-09 01:36:40,53.37383350942508
2025-10-09 01:36:45,53.37383350942508
2025-10-09 01:36:50,53.37383350942508
2025-10-09 01:36:55,53.37383350942508
2025-10-09 01:37:00,53.37383350942508
2025-10-09 01:37:05,53.37383350942508
2025-10-09 01:37:10,53.37383350942508
2025-10-09 01:37:15,53.37383350942508
2025-10-09 01:37:20,52.69172237415508
2025-10-09 01:37:25,52.69172237415508
2025-10-09 01:37:30,52.69172237415508
2025-10-09 01:37:35,52.69172237415508
2025-10-09 01:37:40,52.69172237415508
2025-10-09 01:37:45,52.69172237415508
2025-10-09 01:37:50,51.46995218818526
2025-10-09 01:37:55,51.46995218818526
2025-10-09 01:38:00,51.46995218818526
2025-10-09 01:38:05,51.34223825993389
2025-10-09 01:38:10,51.34223825993389
2025-10-09 01:38:15,51.70931706308613
2025-10-09 01:38:20,51.70931706308613
2025-10-09 01:38:25,51.70931706308613
2025-10-09 01:38:30,51.70931706308613
2025-10-09 01:38:35,51.54252825113236
2025-10-09 01:38:40,51.54252825113236
2025-10-09 01:38:45,51.54252825113236
2025-10-09 01:38:50,51.54252825113236
2025-10-09 01:38:55,51.004021596957436
2025-10-09 01:39:00,51.004021596957436
2025-10-09 01:39:05,51.29283081110544
2025-10-09 01:39:10,51.29283081110544
2025-10-09 01:39:15,51.29283081110544
2025-10-09 01:39:20,51.29283081110544
2025-10-09 01:39:25,51.29283081110544
2025-10-09 01:39:30,51.29283081110544
2025-10-09 01:39:35,51.29283081110544
2025-10-09 01:39:40,51.29283081110544
2025-10-09 01:39:45,51.29283081110544
2025-10-09 01:39:50,51.29283081110544
2025-10-09 01:39:55,51.29283081110544
2025-10-09 01:40:00,51.29283081110544
2025-10-09 01:40:05,51.29283081110544
2025-10-09 01:40:10,51.29283081110544
2025-10-09 01:40:15,51.29283081110544
2025-10-09 01:40:20,51.29283081110544
2025-10-09 01:40:25,51.29283081110544
2025-10-09 01:40:30,51.29283081110544
2025-10-09 01:40:35,51.29283081110544
2025-10-09 01:40:40,51.29283081110544
2025-10-09 01:40:45,51.29283081110544
2025-10-09 01:40:50,51.29283081110544
2025-10-09 01:40:55,50.87884617448967
2025-10-09 01:41:00,50.87884617448967
2025-10-09 01:41:05,50.87884617448967
2025-10-09 01:41:10,50.87884617448967
2025-10-09 01:41:15,51.83008114071375
2025-10-09 01:41:20,51.83008114071375
2025-10-09 01:41:25,51.83008114071375
2025-10-09 01:41:30,53.78790817147763
2025-10-09 01:41:35,53.78790817147763
2025-10-09 01:41:40,53.78790817147763
2025-10-09 01:41:45,53.78790817147763
2025-10-09 01:41:50,53.78790817147763
2025-10-09 01:41:55,53.78790817147763
2025-10-09 01:42:00,53.78790817147763
2025-10-09 01:42:05,53.78790817147763
2025-10-09 01:42:10,53.78790817147763
2025-10-09 01:42:15,66.66587093091073
2025-10-09 01:42:20,66.66587093091073
2025-10-09 01:42:25,66.66587093091073
2025-10-09 01:42:30,66.66587093091073
2025-10-09 01:42:35,66.66587093091073
2025-10-09 01:42:40,66.66587093091073
2025-10-09 01:42:45,66.66587093091073
2025-10-09 01:42:50,66.66587093091073
2025-10-09 01:42:55,66.66587093091073
2025-10-09 01:43:00,66.66587093091073
2025-10-09 01:43:05,66.66587093091073
2025-10-09 01:43:10,66.66587093091073
2025-10-09 01:43:15,66.66587093091073
2025-10-09 01:43:20,66.66587093091073
2025-10-09 01:43:25,67.87289750206818
2025-10-09 01:43:30,67.87289750206818
2025-10-09 01:43:35,67.87289750206818
2025-10-09 01:43:40,67.87289750206818
2025-10-09 01:43:45,67.87289750206818
2025-10-09 01:43:50,67.87289750206818
2025-10-09 01:43:55,67.87289750206818
2025-10-09 01:44:00,67.87289750206818
2025-10-09 01:44:05,69.06938452219657
2025-10-09 01:44:10,68.34786826495858
2025-10-09 01:44:15,68.78219032213772
2025-10-09 01:44:20,68.78219032213772
2025-10-09 01:44:25,68.78219032213772
2025-10-09 01:44:30,68.78219032213772
2025-10-09 01:44:35,68.78219032213772
2025-10-09 01:44:40,68.78219032213772
2025-10-09 01:44:45,68.78219032213772
2025-10-09 01:44:50,68.78219032213772
2025-10-09 01:44:55,68.78219032213772
2025-10-09 01:45:00,68.78219032213772
2025-10-09 01:45:05,66.22021692505129
2025-10-09 01:45:10,66.22021692505129
2025-10-09 01:45:15,68.78219032213772
2025-10-09 01:45:20,66.22021692505129
2025-10-09 01:45:25,68.78219032213772
2025-10-09 01:45:30,65.94770289178868
2025-10-09 01:45:35,51.012484543544936
2025-10-09 01:45:40,52.657836101063936
2025-10-09 01:45:45,52.657836101063936
2025-10-09 01:45:50,50.8707363080934
2025-10-09 01:45:55,50.8707363080934
2025-10-09 01:46:00,52.510997357918384
2025-10-09 01:46:05,52.510997357918384
2025-10-09 01:46:10,51.96297880900628
2025-10-09 01:46:15,51.482869589624016
2025-10-09 01:46:20,51.08896490078387
2025-10-09 01:46:25,51.482869589624016
2025-10-09 01:46:30,51.08896490078387
2025-10-09 01:46:35,51.08896490078387
2025-10-09 01:46:40,51.482869589624016
2025-10-09 01:46:45,51.482869589624016
2025-10-09 01:46:50,53.642464818753346
2025-10-09 01:46:55,51.96297880900628
2025-10-09 01:47:00,71.55573250829973
2025-10-09 01:47:05,71.55573250829973
2025-10-09 01:47:10,71.55573250829973
2025-10-09 01:47:15,72.1791494532985
2025-10-09 01:47:20,72.1791494532985
2025-10-09 01:47:25,69.85704601349147
2025-10-09 01:47:30,69.85704601349147
2025-10-09 01:47:35,69.85704601349147
2025-10-09 01:47:40,69.19323383325276
2025-10-09 01:47:45,69.19323383325276
2025-10-09 01:47:50,68.6486104022725
2025-10-09 01:47:55,68.6486104022725
2025-10-09 01:48:00,72.1791494532985
2025-10-09 01:48:05,73.30640276127858
2025-10-09 01:48:10,71.78172808468099
2025-10-09 01:48:15,69.79438811207947
2025-10-09 01:48:20,68.28164636728883
2025-10-09 01:48:25,67.96451525508455
2025-10-09 01:48:30,64.88904723271297
2025-10-09 01:48:35,62.039198467041174
2025-10-09 01:48:40,66.64809857027554
2025-10-09 01:48:45,64.4742176786082
2025-10-09 01:48:50,63.51213987298222
2025-10-09 01:48:55,68.08396027193673
2025-10-09 01:49:00,67.55194997035379
2025-10-09 01:49:05,68.08396027193673
2025-10-09 01:49:10,68.74674643094286
2025-10-09 01:49:15,67.32414224841737
2025-10-09 01:49:20,67.32414224841737
2025-10-09 01:49:25,65.91025482888618
2025-10-09 01:49:30,65.91025482888618
2025-10-09 01:49:35,67.32414224841737
2025-10-09 01:49:40,63.76247560547681
2025-10-09 01:49:45,65.4698462464453
2025-10-09 01:49:50,64.20864379525327
2025-10-09 01:49:55,68.74674643094286
2025-10-09 01:50:00,63.7805784847623
2025-10-09 01:50:05,68.74674643094286
2025-10-09 01:50:10,68.20456789640046
2025-10-09 01:50:15,68.53670082232311
2025-10-09 01:50:20,67.11879862992502
2025-10-09 01:50:25,67.11879862992502
2025-10-09 01:50:30,65.19814943914461
2025-10-09 01:50:35,58.981537408158545
2025-10-09 01:50:40,59.443185981717804
2025-10-09 01:50:45,59.443185981717804
2025-10-09 01:50:50,61.02463621386295
2025-10-09 01:50:55,60.54952918250648
2025-10-09 01:51:00,62.39814048043166
2025-10-09 01:51:05,59.84823849051231
2025-10-09 01:51:10,58.07844295118255
2025-10-09 01:51:15,57.628408613789034
2025-10-09 01:51:20,58.34203129637069
2025-10-09 01:51:25,62.3246368552305
2025-10-09 01:51:30,58.44168743984733
2025-10-09 01:51:35,57.13174658570681
2025-10-09 01:51:40,57.13174658570681
2025-10-09 01:51:45,60.02147391659224
2025-10-09 01:51:50,60.02147391659224
2025-10-09 01:51:55,60.879025804920076
2025-10-09 01:52:00,58.396842258577
2025-10-09 01:52:05,57.94409827939135
2025-10-09 01:52:10,64.1567939081813
2025-10-09 01:52:15,62.60523788968945
2025-10-09 01:52:20,62.01587377140792
2025-10-09 01:52:25,60.40488163378635
2025-10-09 01:52:30,59.44416047422368
2025-10-09 01:52:35,58.19284882511481
2025-10-09 01:52:40,55.12176226680024
2025-10-09 01:52:45,54.69688987342605
2025-10-09 01:52:50,57.55297435914737
2025-10-09 01:52:55,59.83008900212839
2025-10-09 01:53:00,58.84118399525581
2025-10-09 01:53:05,56.57828123641333
2025-10-09 01:53:10,48.14649960897653
2025-10-09 01:53:15,48.14649960897653
2025-10-09 01:53:20,59.2039621437622
2025-10-09 01:53:25,59.245860231287125
2025-10-09 01:53:30,67.08841525603603
2025-10-09 01:53:35,67.37050098649479
2025-10-09 01:53:40,68.39623333452005
2025-10-09 01:53:45,71.48763054420928
2025-10-09 01:53:50,71.97201033702198
2025-10-09 01:53:55,71.97201033702198
2025-10-09 01:54:00,71.97201033702198
2025-10-09 01:54:05,71.97201033702198
2025-10-09 01:54:10,73.52706290102356
2025-10-09 01:54:15,73.52706290102356
2025-10-09 01:54:20,72.21825359796475
2025-10-09 01:54:25,72.21825359796475
2025-10-09 01:54:30,72.21825359796475
2025-10-09 01:54:35,72.78230339131866
2025-10-09 01:54:40,72.78230339131866
2025-10-09 01:54:45,70.76509960529917
2025-10-09 01:54:50,71.24419995332904
2025-10-09 01:54:55,72.78230339131866
2025-10-09 01:55:00,71.24419995332904
2025-10-09 01:55:05,71.24419995332904
2025-10-09 01:55:10,71.24419995332904
2025-10-09 01:55:15,72.78230339131866
2025-10-09 01:55:20,70.76509960529917
2025-10-09 01:55:25,71.24419995332904
2025-10-09 01:55:30,71.24419995332904
2025-10-09 01:55:35,72.78230339131866
2025-10-09 01:55:40,72.78230339131866
2025-10-09 01:55:45,72.78230339131866
2025-10-09 01:55:50,70.42447473801784
2025-10-09 01:55:55,70.42447473801784
2025-10-09 01:56:00,67.38265649973698
2025-10-09 01:56:05,70.42447473801784
2025-10-09 01:56:10,68.02768824088075
2025-10-09 01:56:15,68.02768824088075
2025-10-09 01:56:20,68.02768824088075
2025-10-09 01:56:25,68.02768824088075
2025-10-09 01:56:30,50.86498323968766
2025-10-09 01:56:35,62.16469219568348
2025-10-09 01:56:40,69.77396055331658
2025-10-09 01:56:45,69.38518958760314
2025-10-09 01:56:50,66.51032973799654
2025-10-09 01:56:55,66.95834100545099
2025-10-09 01:57:00,66.95834100545099
2025-10-09 01:57:05,66.95834100545099
2025-10-09 01:57:10,67.37186788826159
2025-10-09 01:57:15,67.37186788826159
2025-10-09 01:57:20,67.37186788826159
2025-10-09 01:57:25,67.37186788826159
2025-10-09 01:57:30,66.72342082583835
2025-10-09 01:57:35,66.72342082583835
2025-10-09 01:57:40,64.06423442994695
2025-10-09 01:57:45,64.06423442994695
2025-10-09 01:57:50,64.06423442994695
2025-10-09 01:57:55,64.06423442994695
2025-10-09 01:58:00,64.06423442994695
2025-10-09 01:58:05,64.06423442994695
2025-10-09 01:58:10,64.06423442994695
2025-10-09 01:58:15,66.17830457860228
2025-10-09 01:58:20,66.17830457860228
2025-10-09 01:58:25,66.17830457860228
2025-10-09 01:58:30,66.17830457860228
2025-10-09 01:58:35,66.17830457860228
2025-10-09 01:58:40,66.17830457860228
2025-10-09 01:58:45,66.17830457860228
2025-10-09 01:58:50,66.17830457860228
2025-10-09 01:58:55,66.17830457860228
2025-10-09 01:59:00,66.17830457860228
2025-10-09 01:59:05,56.01204248263336
2025-10-09 01:59:10,56.01204248263336
2025-10-09 01:59:15,56.01204248263336
2025-10-09 01:59:20,56.01204248263336
2025-10-09 01:59:25,56.01204248263336
2025-10-09 01:59:30,56.01204248263336
2025-10-09 01:59:35,56.94974183332128
2025-10-09 01:59:40,56.94974183332128
2025-10-09 01:59:45,56.94974183332128
2025-10-09 01:59:50,56.94974183332128
2025-10-09 01:59:55,56.94974183332128
2025-10-09 02:00:00,58.02425334950853
2025-10-09 02:00:05,58.02425334950853
2025-10-09 02:00:10,58.02425334950853
2025-10-09 02:00:15,58.02425334950853
2025-10-09 02:00:20,58.02425334950853
2025-10-09 02:00:25,58.02425334950853
2025-10-09 02:00:30,58.02425334950853
2025-10-09 02:00:35,58.02425334950853
2025-10-09 02:00:40,58.02425334950853
2025-10-09 02:00:45,58.02425334950853
2025-10-09 02:00:50,58.02425334950853
2025-10-09 02:00:55,58.02425334950853
2025-10-09 02:01:00,58.02425334950853
2025-10-09 02:01:05,57.06708522126238
2025-10-09 02:01:10,58.02425334950853
2025-10-09 02:01:15,59.2544928906923
2025-10-09 02:01:20,59.2544928906923
2025-10-09 02:01:25,59.2544928906923
2025-10-09 02:01:30,58.37820287893372
2025-10-09 02:01:35,58.275034391789504
2025-10-09 02:01:40,57.6569102310771
2025-10-09 02:01:45,58.275034391789504
2025-10-09 02:01:50,58.275034391789504
2025-10-09 02:01:55,58.275034391789504
2025-10-09 02:02:00,59.2544928906923
2025-10-09 02:02:05,61.629193065392684
2025-10-09 02:02:10,59.2544928906923
2025-10-09 02:02:15,50.50406762671341
2025-10-09 02:02:20,49.68315566773867
2025-10-09 02:02:25,49.16508827006081
2025-10-09 02:02:30,49.68315566773867
2025-10-09 02:02:35,50.50406762671341
2025-10-09 02:02:40,49.81020602454164
2025-10-09 02:02:45,60.38975745155695
2025-10-09 02:02:50,49.151402554757496
2025-10-09 02:02:55,60.38975745155695
2025-10-09 02:03:00,48.199403653891046
2025-10-09 02:03:05,49.29201594632414
2025-10-09 02:03:10,49.69148211532801
2025-10-09 02:03:15,59.66401248599577
2025-10-09 02:03:20,61.06792471044005
2025-10-09 02:03:25,61.06792471044005
2025-10-09 02:03:30,58.39190975666456
2025-10-09 02:03:35,48.29564685981641
2025-10-09 02:03:40,48.29564685981641
2025-10-09 02:03:45,48.29564685981641
2025-10-09 02:03:50,48.65229118272569
2025-10-09 02:03:55,58.39190975666456
2025-10-09 02:04:00,58.39190975666456
2025-10-09 02:04:05,58.39190975666456
2025-10-09 02:04:10,58.39190975666456
2025-10-09 02:04:15,59.76303313951187
2025-10-09 02:04:20,59.76303313951187
2025-10-09 02:04:25,59.1007047047665
2025-10-09 02:04:30,48.65229118272569
2025-10-09 02:04:35,47.71110234968004
2025-10-09 02:04:40,48.33488678153162
2025-10-09 02:04:45,48.2120378379327
2025-10-09 02:04:50,49.00580315654701
2025-10-09 02:04:55,50.36694446647131
2025-10-09 02:05:00,49.032017541681334
2025-10-09 02:05:05,50.36694446647131
2025-10-09 02:05:10,49.5485170041861
2025-10-09 02:05:15,50.36694446647131
2025-10-09 02:05:20,50.36694446647131
2025-10-09 02:05:25,50.36694446647131
2025-10-09 02:05:30,49.5485170041861
2025-10-09 02:05:35,52.03222140793617
2025-10-09 02:05:40,52.719406609834444
2025-10-09 02:05:45,52.03222140793617
2025-10-09 02:05:50,52.58407143345078
2025-10-09 02:05:55,53.458514194249915
2025-10-09 02:06:00,53.458514194249915
2025-10-09 02:06:05,52.03222140793617
2025-10-09 02:06:10,53.458514194249915
2025-10-09 02:06:15,53.6739912474216
2025-10-09 02:06:20,54.74718716878905
2025-10-09 02:06:25,54.74718716878905
2025-10-09 02:06:30,54.38526499459239
2025-10-09 02:06:35,65.85284265707485
2025-10-09 02:06:40,53.6739912474216
2025-10-09 02:06:45,65.85284265707485
2025-10-09 02:06:50,65.85284265707485
2025-10-09 02:06:55,56.18965375603635
2025-10-09 02:07:00,54.68264698266221
2025-10-09 02:07:05,55.2657262314093
2025-10-09 02:07:10,56.90245149129905
2025-10-09 02:07:15,66.90723137853799
2025-10-09 02:07:20,65.49885149613682
2025-10-09 02:07:25,67.74401188376612
2025-10-09 02:07:30,67.98041554502886
2025-10-09 02:07:35,68.47517181734293
2025-10-09 02:07:40,66.51518232616532
2025-10-09 02:07:45,71.00684999592961
2025-10-09 02:07:50,70.84577062127265
2025-10-09 02:07:55,69.20188403171225
2025-10-09 02:08:00,71.93087449847829
2025-10-09 02:08:05,70.33715279319043
2025-10-09 02:08:10,70.16097860172714
2025-10-09 02:08:15,68.43548452785645
2025-10-09 02:08:20,70.6005622995876
2025-10-09 02:08:25,70.71827373345785
2025-10-09 02:08:30,70.6005622995876
2025-10-09 02:08:35,69.8296146255992
2025-10-09 02:08:40,72.7521257942308
2025-10-09 02:08:45,70.49820997194999
2025-10-09 02:08:50,70.478222632285
2025-10-09 02:08:55,70.478222632285
2025-10-09 02:09:00,71.37579966195375
2025-10-09 02:09:05,71.25690696368848
2025-10-09 02:09:10,68.61665420359444
2025-10-09 02:09:15,71.79603018314293
2025-10-09 02:09:20,70.89358045977166
2025-10-09 02:09:25,71.78932837331824
2025-10-09 02:09:30,71.85556333819392
2025-10-09 02:09:35,71.61984634472545
2025-10-09 02:09:40,71.85556333819392
2025-10-09 02:09:45,71.85556333819392
2025-10-09 02:09:50,69.1430043970253
2025-10-09 02:09:55,70.57183807549211
2025-10-09 02:10:00,72.03633300941016
2025-10-09 02:10:05,71.85556333819392
2025-10-09 02:10:10,70.90073908993388
2025-10-09 02:10:15,70.00254369407429
2025-10-09 02:10:20,68.61665420359444
2025-10-09 02:10:25,70.57183807549211
2025-10-09 02:10:30,72.51229360253305
2025-10-09 02:10:35,72.25690288075786
2025-10-09 02:10:40,69.75952690944902
2025-10-09 02:10:45,69.75952690944902
2025-10-09 02:10:50,69.75952690944902
2025-10-09 02:10:55,68.13721526081
2025-10-09 02:11:00,70.82081143194118
2025-10-09 02:11:05,69.08035615748551
2025-10-09 02:11:10,69.91614002142832
2025-10-09 02:11:15,67.91151794372531
2025-10-09 02:11:20,70.82081143194118
2025-10-09 02:11:25,68.13721526081
2025-10-09 02:11:30,68.13721526081
2025-10-09 02:11:35,67.37324068099666
2025-10-09 02:11:40,69.59823354619881
2025-10-09 02:11:45,67.37324068099666
2025-10-09 02:11:50,70.02426325846059
2025-10-09 02:11:55,70.02426325846059
2025-10-09 02:12:00,70.02426325846059
2025-10-09 02:12:05,68.3049336971491
2025-10-09 02:12:10,68.3049336971491
2025-10-09 02:12:15,68.3049336971491
2025-10-09 02:12:20,68.02668898088635
2025-10-09 02:12:25,68.02668898088635
2025-10-09 02:12:30,67.4951631798117
2025-10-09 02:12:35,67.4951631798117
2025-10-09 02:12:40,68.19446618672747
2025-10-09 02:12:45,67.4951631798117
2025-10-09 02:12:50,68.34413422252189
2025-10-09 02:12:55,72.73359577112976
2025-10-09 02:13:00,71.80255538017049
2025-10-09 02:13:05,71.80255538017049
2025-10-09 02:13:10,69.97177927144577
2025-10-09 02:13:15,69.97177927144577
2025-10-09 02:13:20,71.79623862624427
2025-10-09 02:13:25,72.75247263678787
2025-10-09 02:13:30,70.09786254065834
2025-10-09 02:13:35,82.79651151922803
2025-10-09 02:13:40,80.69180086122483
2025-10-09 02:13:45,82.79651151922803
2025-10-09 02:13:50,82.79651151922803
2025-10-09 02:13:55,80.69180086122483
2025-10-09 02:14:00,83.18845685600705
2025-10-09 02:14:05,80.12376392243075
2025-10-09 02:14:10,80.69180086122483
2025-10-09 02:14:15,80.69180086122483
2025-10-09 02:14:20,82.79651151922803
2025-10-09 02:14:25,82.79651151922803
2025-10-09 02:14:30,82.79651151922803
2025-10-09 02:14:35,81.5392366746641
2025-10-09 02:14:40,80.69180086122483
2025-10-09 02:14:45,80.69180086122483
2025-10-09 02:14:50,80.69180086122483
2025-10-09 02:14:55,80.69180086122483
2025-10-09 02:15:00,80.12376392243075
2025-10-09 02:15:05,80.12376392243075
2025-10-09 02:15:10,80.12376392243075
2025-10-09 02:15:15,80.12376392243075
2025-10-09 02:15:20,80.12376392243075
2025-10-09 02:15:25,80.12376392243075
2025-10-09 02:15:30,80.12376392243075
2025-10-09 02:15:35,80.12376392243075
2025-10-09 02:15:40,80.12376392243075
2025-10-09 02:15:45,80.12376392243075
2025-10-09 02:15:50,80.12376392243075
2025-10-09 02:15:55,80.12376392243075
2025-10-09 02:16:00,80.12376392243075
2025-10-09 02:16:05,80.12376392243075
2025-10-09 02:16:10,80.12376392243075
2025-10-09 02:16:15,77.4984448833042
2025-10-09 02:16:20,77.4984448833042
2025-10-09 02:16:25,77.4984448833042
2025-10-09 02:16:30,77.4984448833042
2025-10-09 02:16:35,77.4984448833042
2025-10-09 02:16:40,77.4984448833042
2025-10-09 02:16:45,71.86203000785963
2025-10-09 02:16:50,71.86203000785963
2025-10-09 02:16:55,71.86203000785963
2025-10-09 02:17:00,71.86203000785963
2025-10-09 02:17:05,72.36743311505666
2025-10-09 02:17:10,72.36743311505666
2025-10-09 02:17:15,72.36743311505666
2025-10-09 02:17:20,72.36743311505666
2025-10-09 02:17:25,72.36743311505666
2025-10-09 02:17:30,72.36743311505666
2025-10-09 02:17:35,72.36743311505666
2025-10-09 02:17:40,72.36743311505666
2025-10-09 02:17:45,72.36743311505666
2025-10-09 02:17:50,72.36743311505666
2025-10-09 02:17:55,72.36743311505666
2025-10-09 02:18:00,72.36743311505666
2025-10-09 02:18:05,71.36258409478667
2025-10-09 02:18:10,71.36258409478667
2025-10-09 02:18:15,71.36258409478667
2025-10-09 02:18:20,71.36258409478667
2025-10-09 02:18:25,71.36258409478667
2025-10-09 02:18:30,71.36258409478667
2025-10-09 02:18:35,71.36258409478667
2025-10-09 02:18:40,71.36258409478667
2025-10-09 02:18:45,71.36258409478667
2025-10-09 02:18:50,71.36258409478667
2025-10-09 02:18:55,71.36258409478667
2025-10-09 02:19:00,71.36258409478667
2025-10-09 02:19:05,71.36258409478667
2025-10-09 02:19:10,71.36258409478667
2025-10-09 02:19:15,71.36258409478667
2025-10-09 02:19:20,71.36258409478667
2025-10-09 02:19:25,71.36258409478667
2025-10-09 02:19:30,71.36258409478667
2025-10-09 02:19:35,71.36258409478667
2025-10-09 02:19:40,71.36258409478667
2025-10-09 02:19:45,71.36258409478667
2025-10-09 02:19:50,71.36258409478667
2025-10-09 02:19:55,71.36258409478667
2025-10-09 02:20:00,59.478339175795625
2025-10-09 02:20:05,59.478339175795625
2025-10-09 02:20:10,59.478339175795625
2025-10-09 02:20:15,59.478339175795625
2025-10-09 02:20:20,59.478339175795625
2025-10-09 02:20:25,59.478339175795625
2025-10-09 02:20:30,61.031654710044016
2025-10-09 02:20:35,61.031654710044016
2025-10-09 02:20:40,61.031654710044016
2025-10-09 02:20:45,61.031654710044016
2025-10-09 02:20:50,61.031654710044016
2025-10-09 02:20:55,61.031654710044016
2025-10-09 02:21:00,61.71698341609389
2025-10-09 02:21:05,61.71698341609389
2025-10-09 02:21:10,61.71698341609389
2025-10-09 02:21:15,61.71698341609389
2025-10-09 02:21:20,61.71698341609389
2025-10-09 02:21:25,61.71698341609389
2025-10-09 02:21:30,61.71698341609389
2025-10-09 02:21:35,61.73174877211443
2025-10-09 02:21:40,61.73174877211443
2025-10-09 02:21:45,61.73174877211443
2025-10-09 02:21:50,54.12517071297532
2025-10-09 02:21:55,54.12517071297532
2025-10-09 02:22:00,54.12517071297532
2025-10-09 02:22:05,53.6422337873544
2025-10-09 02:22:10,53.6422337873544
2025-10-09 02:22:15,53.6422337873544
2025-10-09 02:22:20,53.6422337873544
2025-10-09 02:22:25,53.6422337873544
2025-10-09 02:22:30,53.6422337873544
2025-10-09 02:22:35,53.6422337873544
2025-10-09 02:22:40,53.6422337873544
2025-10-09 02:22:45,53.6422337873544
2025-10-09 02:22:50,53.6422337873544
2025-10-09 02:22:55,53.6422337873544
2025-10-09 02:23:00,53.6422337873544
2025-10-09 02:23:05,53.6422337873544
2025-10-09 02:23:10,53.6422337873544
2025-10-09 02:23:15,53.6422337873544
2025-10-09 02:23:20,53.6422337873544
2025-10-09 02:23:25,53.6422337873544
2025-10-09 02:23:30,53.6422337873544
2025-10-09 02:23:35,53.6422337873544
2025-10-09 02:23:40,53.6422337873544
2025-10-09 02:23:45,53.6422337873544
2025-10-09 02:23:50,53.6422337873544
2025-10-09 02:23:55,53.6422337873544
2025-10-09 02:24:00,53.93502299944501
2025-10-09 02:24:05,53.93502299944501
2025-10-09 02:24:10,53.93502299944501
2025-10-09 02:24:15,49.222447233753215
2025-10-09 02:24:20,49.222447233753215
2025-10-09 02:24:25,49.222447233753215
2025-10-09 02:24:30,49.222447233753215
2025-10-09 02:24:35,49.222447233753215
2025-10-09 02:24:40,50.58594827613582
2025-10-09 02:24:45,70.22207661871893
2025-10-09 02:24:50,70.22207661871893
2025-10-09 02:24:55,66.9679681021815
2025-10-09 02:25:00,66.9679681021815
2025-10-09 02:25:05,66.9679681021815
2025-10-09 02:25:10,66.9679681021815
2025-10-09 02:25:15,66.9679681021815
2025-10-09 02:25:20,66.9679681021815
2025-10-09 02:25:25,66.9679681021815
2025-10-09 02:25:30,66.9679681021815
2025-10-09 02:25:35,66.9679681021815
2025-10-09 02:25:40,66.9679681021815
2025-10-09 02:25:45,66.9679681021815
2025-10-09 02:25:50,66.9679681021815
2025-10-09 02:25:55,66.9865834815116
2025-10-09 02:26:00,66.9865834815116
2025-10-09 02:26:05,66.32780775637006
2025-10-09 02:26:10,73.26019305721027
2025-10-09 02:26:15,65.50327724382309
2025-10-09 02:26:20,71.646303996861
2025-10-09 02:26:25,71.646303996861
2025-10-09 02:26:30,71.83851555997724
2025-10-09 02:26:35,65.50327724382309
2025-10-09 02:26:40,75.37132085872268
2025-10-09 02:26:45,75.37132085872268
2025-10-09 02:26:50,71.646303996861
2025-10-09 02:26:55,64.87829607123949
2025-10-09 02:27:00,71.40384883346745
2025-10-09 02:27:05,61.504069480146335
2025-10-09 02:27:10,62.093716015236765
2025-10-09 02:27:15,67.88943370849599
2025-10-09 02:27:20,67.88943370849599
2025-10-09 02:27:25,67.79969619630347
2025-10-09 02:27:30,67.88943370849599
2025-10-09 02:27:35,62.093716015236765
2025-10-09 02:27:40,70.31141639543358
2025-10-09 02:27:45,70.31141639543358
2025-10-09 02:27:50,67.88943370849599
2025-10-09 02:27:55,61.504069480146335
2025-10-09 02:28:00,61.00985859603665
2025-10-09 02:28:05,67.33917837247341
2025-10-09 02:28:10,67.33917837247341
2025-10-09 02:28:15,61.00985859603665
2025-10-09 02:28:20,61.00985859603665
2025-10-09 02:28:25,61.00985859603665
2025-10-09 02:28:30,56.69282975860319
2025-10-09 02:28:35,56.69282975860319
2025-10-09 02:28:40,45.87518397638193
2025-10-09 02:28:45,56.69282975860319
2025-10-09 02:28:50,54.77739882053716
2025-10-09 02:28:55,46.3135532790853
2025-10-09 02:29:00,46.30116604235956
2025-10-09 02:29:05,55.88381861682608
2025-10-09 02:29:10,56.69282975860319
2025-10-09 02:29:15,46.3135532790853
2025-10-09 02:29:20,56.07701207703255
2025-10-09 02:29:25,54.21886301375903
2025-10-09 02:29:30,54.07747089737904
2025-10-09 02:29:35,56.75608601311754
2025-10-09 02:29:40,58.35565251615115
2025-10-09 02:29:45,58.35565251615115
2025-10-09 02:29:50,55.59393668684309
2025-10-09 02:29:55,55.59393668684309
2025-10-09 02:30:00,56.954427619732485
2025-10-09 02:30:05,57.78052662090101
2025-10-09 02:30:10,46.53853255685722
2025-10-09 02:30:15,46.097764627670415
2025-10-09 02:30:20,55.04868974454486
2025-10-09 02:30:25,54.97733229132486
2025-10-09 02:30:30,57.78052662090101
2025-10-09 02:30:35,55.192891199723476
2025-10-09 02:30:40,55.628831371956444
2025-10-09 02:30:45,55.628831371956444
2025-10-09 02:30:50,57.08796007430409
2025-10-09 02:30:55,56.696858083224605
2025-10-09 02:31:00,46.30435340375497
2025-10-09 02:31:05,46.30435340375497
2025-10-09 02:31:10,54.71026881936579
2025-10-09 02:31:15,54.781243453754534
2025-10-09 02:31:20,56.896776234340706
2025-10-09 02:31:25,54.71026881936579
2025-10-09 02:31:30,54.92467129622632
2025-10-09 02:31:35,46.30435340375497
2025-10-09 02:31:40,59.33459065770859
2025-10-09 02:31:45,49.61413223229633
2025-10-09 02:31:50,61.644392694205166
2025-10-09 02:31:55,61.644392694205166
2025-10-09 02:32:00,58.21420750550656
2025-10-09 02:32:05,58.21420750550656
2025-10-09 02:32:10,50.079268272573444
2025-10-09 02:32:15,61.644392694205166
2025-10-09 02:32:20,58.21420750550656
2025-10-09 02:32:25,61.644392694205166
2025-10-09 02:32:30,61.644392694205166
2025-10-09 02:32:35,50.09279407729798
2025-10-09 02:32:40,50.09279407729798
2025-10-09 02:32:45,50.079268272573444
2025-10-09 02:32:50,50.079268272573444
2025-10-09 02:32:55,50.12407786084788
2025-10-09 02:33:00,59.09352219892728
2025-10-09 02:33:05,49.87941245910369
2025-10-09 02:33:10,49.4163476040162
2025-10-09 02:33:15,49.89287803532736
2025-10-09 02:33:20,56.34321737894823
2025-10-09 02:33:25,73.06224424640658
2025-10-09 02:33:30,72.56995603423917
2025-10-09 02:33:35,71.18010026489381
2025-10-09 02:33:40,72.35892649590212
2025-10-09 02:33:45,72.35892649590212
2025-10-09 02:33:50,56.35863088590114
2025-10-09 02:33:55,75.5021198940235
2025-10-09 02:34:00,73.08269619536108
2025-10-09 02:34:05,73.08269619536108
2025-10-09 02:34:10,55.813165545667104
2025-10-09 02:34:15,68.41625257147372
2025-10-09 02:34:20,72.52933297961248
2025-10-09 02:34:25,73.93318101909712
2025-10-09 02:34:30,73.93318101909712
2025-10-09 02:34:35,73.22083740482918
2025-10-09 02:34:40,73.91245288384145
2025-10-09 02:34:45,73.39568560853884
2025-10-09 02:34:50,73.39568560853884
2025-10-09 02:34:55,73.39568560853884
2025-10-09 02:35:00,73.39568560853884
2025-10-09 02:35:05,73.39568560853884
2025-10-09 02:35:10,73.39568560853884
2025-10-09 02:35:15,75.64889167176462
2025-10-09 02:35:20,75.64889167176462
2025-10-09 02:35:25,76.64387398606436
2025-10-09 02:35:30,74.0890788050224
2025-10-09 02:35:35,69.88071980335316
2025-10-09 02:35:40,74.0890788050224
2025-10-09 02:35:45,74.0890788050224
2025-10-09 02:35:50,74.0890788050224
2025-10-09 02:35:55,73.43758059375101
2025-10-09 02:36:00,69.54646340630309
2025-10-09 02:36:05,69.54646340630309
2025-10-09 02:36:10,72.75074464404614
2025-10-09 02:36:15,72.75074464404614
2025-10-09 02:36:20,72.75074464404614
2025-10-09 02:36:25,68.62413908864633
2025-10-09 02:36:30,72.43580757210906
2025-10-09 02:36:35,76.81040120413024
2025-10-09 02:36:40,76.81040120413024
2025-10-09 02:36:45,66.14372918772293
2025-10-09 02:36:50,76.81040120413024
2025-10-09 02:36:55,76.81040120413024
2025-10-09 02:37:00,70.10895867297619
2025-10-09 02:37:05,76.81040120413024
2025-10-09 02:37:10,76.81040120413024
2025-10-09 02:37:15,70.10895867297619
2025-10-09 02:37:20,75.28480089158252
2025-10-09 02:37:25,68.72612043681508
2025-10-09 02:37:30,68.75233115780297
2025-10-09 02:37:35,68.75233115780297
2025-10-09 02:37:40,58.04002875644249
2025-10-09 02:37:45,53.09507337539057
2025-10-09 02:37:50,55.89844547424823
2025-10-09 02:37:55,58.04002875644249
2025-10-09 02:38:00,58.04002875644249
2025-10-09 02:38:05,53.09507337539057
2025-10-09 02:38:10,53.09507337539057
2025-10-09 02:38:15,52.522500874847154
2025-10-09 02:38:20,52.522500874847154
2025-10-09 02:38:25,52.40272798438651
2025-10-09 02:38:30,51.92285155135229
2025-10-09 02:38:35,51.92285155135229
2025-10-09 02:38:40,51.92285155135229
2025-10-09 02:38:45,52.345620125490626
2025-10-09 02:38:50,52.65111953409324
2025-10-09 02:38:55,52.51243980748633
2025-10-09 02:39:00,52.99837129554266
2025-10-09 02:39:05,64.74949815651888
2025-10-09 02:39:10,69.04038042992177
2025-10-09 02:39:15,53.31216023926163
2025-10-09 02:39:20,65.14042608784688
2025-10-09 02:39:25,65.14042608784688
2025-10-09 02:39:30,53.31216023926163
2025-10-09 02:39:35,69.04038042992177
2025-10-09 02:39:40,65.14042608784688
2025-10-09 02:39:45,65.40445931238469
2025-10-09 02:39:50,50.57196684497602
2025-10-09 02:39:55,53.82853032290051
2025-10-09 02:40:00,65.40445931238469
2025-10-09 02:40:05,63.74167266237316
2025-10-09 02:40:10,66.64293117155795
2025-10-09 02:40:15,67.41128657162409
2025-10-09 02:40:20,52.1039271324304
2025-10-09 02:40:25,52.11703791434054
2025-10-09 02:40:30,52.11703791434054
2025-10-09 02:40:35,52.20708019587635
2025-10-09 02:40:40,52.675710571547626
2025-10-09 02:40:45,52.2212472375013
2025-10-09 02:40:50,63.78133306824415
2025-10-09 02:40:55,63.78133306824415
2025-10-09 02:41:00,67.44924579818922
2025-10-09 02:41:05,67.44924579818922
2025-10-09 02:41:10,69.1459960573074
2025-10-09 02:41:15,69.39500068627311
2025-10-09 02:41:20,69.39500068627311
2025-10-09 02:41:25,69.39500068627311
2025-10-09 02:41:30,68.37214242279607
2025-10-09 02:41:35,68.37214242279607
2025-10-09 02:41:40,68.37214242279607
2025-10-09 02:41:45,68.37214242279607
2025-10-09 02:41:50,69.39500068627311
2025-10-09 02:41:55,69.39500068627311
2025-10-09 02:42:00,69.39500068627311
2025-10-09 02:42:05,69.39500068627311
2025-10-09 02:42:10,69.39500068627311
2025-10-09 02:42:15,69.39500068627311
2025-10-09 02:42:20,69.39500068627311
2025-10-09 02:42:25,69.39500068627311
2025-10-09 02:42:30,68.37214242279607
2025-10-09 02:42:35,65.31508590529775
2025-10-09 02:42:40,65.31508590529775
2025-10-09 02:42:45,65.61244433308958
2025-10-09 02:42:50,65.31508590529775
2025-10-09 02:42:55,65.31508590529775
2025-10-09 02:43:00,66.00195195228218
2025-10-09 02:43:05,65.32911835533537
2025-10-09 02:43:10,65.32911835533537
2025-10-09 02:43:15,65.32911835533537
2025-10-09 02:43:20,66.3027077659797
2025-10-09 02:43:25,65.32911835533537
2025-10-09 02:43:30,66.00195195228218
2025-10-09 02:43:35,66.00195195228218
2025-10-09 02:43:40,66.00195195228218
2025-10-09 02:43:45,66.00195195228218
2025-10-09 02:43:50,66.00195195228218
2025-10-09 02:43:55,65.32911835533537
2025-10-09 02:44:00,65.32911835533537
2025-10-09 02:44:05,67.357750388396
2025-10-09 02:44:10,67.357750388396
2025-10-09 02:44:15,64.2480885655352
2025-10-09 02:44:20,67.357750388396
2025-10-09 02:44:25,66.52204055136806
2025-10-09 02:44:30,68.16902144527623
2025-10-09 02:44:35,68.16902144527623
2025-10-09 02:44:40,65.68813618124003
2025-10-09 02:44:45,68.16902144527623
2025-10-09 02:44:50,68.16902144527623
2025-10-09 02:44:55,68.48049604669723
2025-10-09 02:45:00,68.48049604669723
2025-10-09 02:45:05,68.48049604669723
2025-10-09 02:45:10,68.48049604669723
2025-10-09 02:45:15,68.48049604669723
2025-10-09 02:45:20,68.48049604669723
2025-10-09 02:45:25,68.48049604669723
2025-10-09 02:45:30,68.48049604669723
2025-10-09 02:45:35,68.48049604669723
2025-10-09 02:45:40,68.48049604669723
2025-10-09 02:45:45,72.44261758873394
2025-10-09 02:45:50,70.93261667923326
2025-10-09 02:45:55,70.93261667923326
2025-10-09 02:46:00,70.93261667923326
2025-10-09 02:46:05,70.93261667923326
2025-10-09 02:46:10,70.93261667923326
2025-10-09 02:46:15,70.93261667923326
2025-10-09 02:46:20,70.93261667923326
2025-10-09 02:46:25,70.93261667923326
2025-10-09 02:46:30,70.93261667923326
2025-10-09 02:46:35,70.93261667923326
2025-10-09 02:46:40,70.93261667923326
2025-10-09 02:46:45,70.93261667923326
2025-10-09 02:46:50,70.93261667923326
2025-10-09 02:46:55,70.93261667923326
2025-10-09 02:47:00,70.93261667923326
2025-10-09 02:47:05,70.93261667923326
2025-10-09 02:47:10,70.93261667923326
2025-10-09 02:47:15,70.93261667923326
2025-10-09 02:47:20,70.93261667923326
2025-10-09 02:47:25,67.68581393135078
2025-10-09 02:47:30,67.3642302697174
2025-10-09 02:47:35,68.22810504012958
2025-10-09 02:47:40,68.22810504012958
2025-10-09 02:47:45,68.79561935971438
2025-10-09 02:47:50,66.57236912685312
2025-10-09 02:47:55,66.57236912685312
2025-10-09 02:48:00,66.57236912685312
2025-10-09 02:48:05,66.57236912685312
2025-10-09 02:48:10,67.57511815257277
2025-10-09 02:48:15,67.3937574766068
2025-10-09 02:48:20,68.06239779810237
2025-10-09 02:48:25,68.06239779810237
2025-10-09 02:48:30,67.3937574766068
2025-10-09 02:48:35,68.06239779810237
2025-10-09 02:48:40,68.06239779810237
2025-10-09 02:48:45,58.82953393085973
2025-10-09 02:48:50,68.79561935971438
2025-10-09 02:48:55,58.82953393085973
2025-10-09 02:49:00,58.82953393085973
2025-10-09 02:49:05,58.82953393085973
2025-10-09 02:49:10,58.82953393085973
2025-10-09 02:49:15,56.642319449455734
2025-10-09 02:49:20,66.1469229233367
2025-10-09 02:49:25,57.19537804507254
2025-10-09 02:49:30,57.19537804507254
2025-10-09 02:49:35,58.58149977930704
2025-10-09 02:49:40,58.72924932229017
2025-10-09 02:49:45,51.62816190795924
2025-10-09 02:49:50,41.354235456232736
2025-10-09 02:49:55,60.52355994966939
2025-10-09 02:50:00,60.52355994966939
2025-10-09 02:50:05,60.52355994966939
2025-10-09 02:50:10,58.946971930968076
2025-10-09 02:50:15,58.946971930968076
2025-10-09 02:50:20,60.4618227191649
2025-10-09 02:50:25,59.76418018756537
2025-10-09 02:50:30,60.4618227191649
2025-10-09 02:50:35,60.901446023652184
2025-10-09 02:50:40,60.901446023652184
2025-10-09 02:50:45,60.901446023652184
2025-10-09 02:50:50,60.4618227191649
2025-10-09 02:50:55,60.4618227191649
2025-10-09 02:51:00,60.4618227191649
2025-10-09 02:51:05,60.4618227191649
2025-10-09 02:51:10,58.02494826733395
2025-10-09 02:51:15,60.32957326755777
2025-10-09 02:51:20,58.3358018437477
2025-10-09 02:51:25,59.89446319652227
2025-10-09 02:51:30,60.32957326755777
2025-10-09 02:51:35,59.89446319652227
2025-10-09 02:51:40,60.32957326755777
2025-10-09 02:51:45,60.32957326755777
2025-10-09 02:51:50,60.32957326755777
2025-10-09 02:51:55,60.32957326755777
2025-10-09 02:52:00,60.32957326755777
2025-10-09 02:52:05,60.32957326755777
2025-10-09 02:52:10,60.32957326755777
2025-10-09 02:52:15,60.32957326755777
2025-10-09 02:52:20,60.32957326755777
2025-10-09 02:52:25,59.86038136090084
2025-10-09 02:52:30,59.86038136090084
2025-10-09 02:52:35,59.86038136090084
2025-10-09 02:52:40,59.86038136090084
2025-10-09 02:52:45,59.86038136090084
2025-10-09 02:52:50,59.86038136090084
2025-10-09 02:52:55,59.86038136090084
2025-10-09 02:53:00,59.86038136090084
2025-10-09 02:53:05,57.481308231754866
2025-10-09 02:53:10,57.481308231754866
2025-10-09 02:53:15,57.481308231754866
2025-10-09 02:53:20,57.481308231754866
2025-10-09 02:53:25,57.481308231754866
2025-10-09 02:53:30,57.481308231754866
2025-10-09 02:53:35,57.481308231754866
2025-10-09 02:53:40,57.481308231754866
2025-10-09 02:53:45,57.481308231754866
2025-10-09 02:53:50,57.481308231754866
2025-10-09 02:53:55,57.481308231754866
2025-10-09 02:54:00,57.481308231754866
2025-10-09 02:54:05,57.481308231754866
2025-10-09 02:54:10,57.481308231754866
2025-10-09 02:54:15,57.481308231754866
2025-10-09 02:54:20,57.481308231754866
2025-10-09 02:54:25,57.481308231754866
2025-10-09 02:54:30,57.481308231754866
2025-10-09 02:54:35,57.481308231754866
2025-10-09 02:54:40,57.481308231754866
2025-10-09 02:54:45,57.481308231754866
2025-10-09 02:54:50,57.481308231754866
2025-10-09 02:54:55,57.481308231754866
2025-10-09 02:55:00,57.481308231754866
2025-10-09 02:55:05,57.481308231754866
2025-10-09 02:55:10,57.481308231754866
2025-10-09 02:55:15,57.481308231754866
2025-10-09 02:55:20,57.481308231754866
2025-10-09 02:55:25,57.481308231754866
2025-10-09 02:55:30,57.481308231754866
2025-10-09 02:55:35,57.481308231754866
2025-10-09 02:55:40,57.481308231754866
2025-10-09 02:55:45,57.481308231754866
2025-10-09 02:55:50,57.481308231754866
2025-10-09 02:55:55,57.481308231754866
2025-10-09 02:56:00,57.481308231754866
2025-10-09 02:56:05,57.481308231754866
2025-10-09 02:56:10,57.481308231754866
2025-10-09 02:56:15,57.481308231754866
2025-10-09 02:56:20,57.481308231754866
2025-10-09 02:56:25,57.481308231754866
2025-10-09 02:56:30,57.481308231754866
2025-10-09 02:56:35,57.481308231754866
2025-10-09 02:56:40,57.481308231754866
2025-10-09 02:56:45,57.481308231754866
2025-10-09 02:56:50,57.481308231754866
2025-10-09 02:56:55,57.481308231754866
2025-10-09 02:57:00,57.481308231754866
2025-10-09 02:57:05,57.481308231754866
2025-10-09 02:57:10,57.481308231754866
2025-10-09 02:57:15,57.481308231754866
2025-10-09 02:57:20,57.481308231754866
2025-10-09 02:57:25,57.481308231754866
2025-10-09 02:57:30,57.481308231754866
2025-10-09 02:57:35,57.481308231754866
2025-10-09 02:57:40,57.481308231754866
2025-10-09 02:57:45,57.481308231754866
2025-10-09 02:57:50,57.481308231754866
2025-10-09 02:57:55,57.481308231754866
2025-10-09 02:58:00,57.481308231754866
2025-10-09 02:58:05,57.481308231754866
2025-10-09 02:58:10,57.481308231754866
2025-10-09 02:58:15,57.481308231754866
2025-10-09 02:58:20,57.481308231754866
2025-10-09 02:58:25,57.481308231754866
2025-10-09 02:58:30,57.481308231754866
2025-10-09 02:58:35,57.481308231754866
2025-10-09 02:58:40,57.481308231754866
2025-10-09 02:58:45,57.481308231754866
2025-10-09 02:58:50,57.481308231754866
2025-10-09 02:58:55,57.481308231754866
2025-10-09 02:59:00,57.481308231754866
2025-10-09 02:59:05,57.481308231754866
2025-10-09 02:59:10,57.481308231754866
2025-10-09 02:59:15,57.57518426826827
2025-10-09 02:59:20,57.57518426826827
2025-10-09 02:59:25,57.57518426826827
2025-10-09 02:59:30,57.57518426826827
2025-10-09 02:59:35,57.57518426826827
2025-10-09 02:59:40,57.57518426826827
2025-10-09 02:59:45,57.57518426826827
2025-10-09 02:59:50,57.57518426826827
2025-10-09 02:59:55,57.57518426826827
